timestamp,time,mac_address,rssi,tx_power,aruco_pos_x,aruco_pos_y,aruco_pos_z,laser_pos_x,laser_pos_y,laser_pos_z
1762135384370,2025-11-03 11:03:04.370,AC:23:3F:26:3E:EF,-74,127,1.388147015796469,22.44951920902502,1.5121896700954758,1.41,22.4,1.5
1762135384420,2025-11-03 11:03:04.420,AC:23:3F:26:3E:EF,-75,127,1.388147015796469,22.44951920902502,1.5121896700954758,1.41,22.4,1.5
1762135384427,2025-11-03 11:03:04.427,AC:23:3F:26:3E:EF,-86,127,1.388147015796469,22.44951920902502,1.5121896700954758,1.41,22.4,1.5
1762135384431,2025-11-03 11:03:04.431,AC:23:3F:26:3E:EF,-74,127,1.388147015796469,22.44951920902502,1.5121896700954758,1.41,22.4,1.5
1762135384827,2025-11-03 11:03:04.827,AC:23:3F:26:3E:EF,-75,127,1.388147015796469,22.44951920902502,1.5121896700954758,1.41,22.4,1.5
1762135384888,2025-11-03 11:03:04.888,AC:23:3F:26:3E:EF,-77,127,1.388147015796469,22.44951920902502,1.5121896700954758,1.41,22.4,1.5
1762135385536,2025-11-03 11:03:05.536,AC:23:3F:26:3E:EF,-81,127,1.388147015796469,22.44951920902502,1.5121896700954758,1.41,22.4,1.5
1762135385593,2025-11-03 11:03:05.593,AC:23:3F:26:3E:EF,-80,127,1.388147015796469,22.44951920902502,1.5121896700954758,1.41,22.4,1.5
1762135386254,2025-11-03 11:03:06.254,AC:23:3F:26:3E:EF,-80,127,1.388147015796469,22.44951920902502,1.5121896700954758,1.41,22.4,1.5
1762135386299,2025-11-03 11:03:06.299,AC:23:3F:26:3E:EF,-81,127,1.388147015796469,22.44951920902502,1.5121896700954758,1.41,22.4,1.5
1762135386368,2025-11-03 11:03:06.368,AC:23:3F:26:3E:EF,-81,127,1.388147015796469,22.44951920902502,1.5121896700954758,1.41,22.4,1.5
1762135386998,2025-11-03 11:03:06.998,AC:23:3F:26:3E:EF,-82,127,1.388147015796469,22.44951920902502,1.5121896700954758,1.41,22.4,1.5
1762135387688,2025-11-03 11:03:07.688,AC:23:3F:26:3E:EF,-81,127,1.388147015796469,22.44951920902502,1.5121896700954758,1.41,22.4,1.5
1762135387722,2025-11-03 11:03:07.722,AC:23:3F:26:3E:EF,-81,127,1.388147015796469,22.44951920902502,1.5121896700954758,1.41,22.4,1.5
1762135387791,2025-11-03 11:03:07.791,AC:23:3F:26:3E:EF,-82,127,1.388147015796469,22.44951920902502,1.5121896700954758,1.41,22.4,1.5
1762135388219,2025-11-03 11:03:08.219,AC:23:3F:26:3E:EF,-94,127,1.388147015796469,22.44951920902502,1.5121896700954758,1.41,22.4,1.5
1762135388394,2025-11-03 11:03:08.394,AC:23:3F:26:3E:EF,-82,127,1.388147015796469,22.44951920902502,1.5121896700954758,1.41,22.4,1.5
1762135388418,2025-11-03 11:03:08.418,AC:23:3F:26:3E:EF,-82,127,1.388147015796469,22.44951920902502,1.5121896700954758,1.41,22.4,1.5
1762135388487,2025-11-03 11:03:08.487,AC:23:3F:26:3E:EF,-81,127,1.388147015796469,22.44951920902502,1.5121896700954758,1.41,22.4,1.5
1762135389102,2025-11-03 11:03:09.102,AC:23:3F:26:3E:EF,-78,127,1.388147015796469,22.44951920902502,1.5121896700954758,1.41,22.4,1.5
1762135389132,2025-11-03 11:03:09.132,AC:23:3F:26:3E:EF,-78,127,1.388147015796469,22.44951920902502,1.5121896700954758,1.41,22.4,1.5
1762135389199,2025-11-03 11:03:09.199,AC:23:3F:26:3E:EF,-78,127,1.388147015796469,22.44951920902502,1.5121896700954758,1.41,22.4,1.5
1762135389825,2025-11-03 11:03:09.825,AC:23:3F:26:3E:EF,-82,127,1.388147015796469,22.44951920902502,1.5121896700954758,1.41,22.4,1.5
1762135389852,2025-11-03 11:03:09.852,AC:23:3F:26:3E:EF,-81,127,1.388147015796469,22.44951920902502,1.5121896700954758,1.41,22.4,1.5
1762135389897,2025-11-03 11:03:09.897,AC:23:3F:26:3E:EF,-80,127,1.388147015796469,22.44951920902502,1.5121896700954758,1.41,22.4,1.5
1762135390533,2025-11-03 11:03:10.533,AC:23:3F:26:3E:EF,-75,127,1.388147015796469,22.44951920902502,1.5121896700954758,1.41,22.4,1.5
1762135390561,2025-11-03 11:03:10.561,AC:23:3F:26:3E:EF,-75,127,1.388147015796469,22.44951920902502,1.5121896700954758,1.41,22.4,1.5
1762135390604,2025-11-03 11:03:10.604,AC:23:3F:26:3E:EF,-74,127,1.388147015796469,22.44951920902502,1.5121896700954758,1.41,22.4,1.5
1762135391253,2025-11-03 11:03:11.253,AC:23:3F:26:3E:EF,-74,127,1.388147015796469,22.44951920902502,1.5121896700954758,1.41,22.4,1.5
1762135391267,2025-11-03 11:03:11.267,AC:23:3F:26:3E:EF,-74,127,1.388147015796469,22.44951920902502,1.5121896700954758,1.41,22.4,1.5
1762135391306,2025-11-03 11:03:11.306,AC:23:3F:26:3E:EF,-73,127,1.388147015796469,22.44951920902502,1.5121896700954758,1.41,22.4,1.5
1762135391955,2025-11-03 11:03:11.955,AC:23:3F:26:3E:EF,-73,127,1.388147015796469,22.44951920902502,1.5121896700954758,1.41,22.4,1.5
1762135392024,2025-11-03 11:03:12.024,AC:23:3F:26:3E:EF,-75,127,1.388147015796469,22.44951920902502,1.5121896700954758,1.41,22.4,1.5
1762135392221,2025-11-03 11:03:12.221,AC:23:3F:26:3E:EF,-85,127,1.388147015796469,22.44951920902502,1.5121896700954758,1.41,22.4,1.5
1762135392689,2025-11-03 11:03:12.689,AC:23:3F:26:3E:EF,-73,127,1.388147015796469,22.44951920902502,1.5121896700954758,1.41,22.4,1.5
1762135392717,2025-11-03 11:03:12.717,AC:23:3F:26:3E:EF,-73,127,1.388147015796469,22.44951920902502,1.5121896700954758,1.41,22.4,1.5
1762135393399,2025-11-03 11:03:13.399,AC:23:3F:26:3E:EF,-72,127,1.388147015796469,22.44951920902502,1.5121896700954758,1.41,22.4,1.5
1762135393425,2025-11-03 11:03:13.425,AC:23:3F:26:3E:EF,-72,127,1.388147015796469,22.44951920902502,1.5121896700954758,1.41,22.4,1.5
1762135394090,2025-11-03 11:03:14.090,AC:23:3F:26:3E:EF,-74,127,1.388147015796469,22.44951920902502,1.5121896700954758,1.41,22.4,1.5
1762135394120,2025-11-03 11:03:14.120,AC:23:3F:26:3E:EF,-75,127,1.388147015796469,22.44951920902502,1.5121896700954758,1.41,22.4,1.5
1762135394136,2025-11-03 11:03:14.136,AC:23:3F:26:3E:EF,-74,127,1.388147015796469,22.44951920902502,1.5121896700954758,1.41,22.4,1.5
1762135394792,2025-11-03 11:03:14.792,AC:23:3F:26:3E:EF,-74,127,1.388147015796469,22.44951920902502,1.5121896700954758,1.41,22.4,1.5
1762135394812,2025-11-03 11:03:14.812,AC:23:3F:26:3E:EF,-74,127,1.388147015796469,22.44951920902502,1.5121896700954758,1.41,22.4,1.5
1762135395501,2025-11-03 11:03:15.501,AC:23:3F:26:3E:EF,-74,127,1.388147015796469,22.44951920902502,1.5121896700954758,1.41,22.4,1.5
1762135395529,2025-11-03 11:03:15.529,AC:23:3F:26:3E:EF,-74,127,1.388147015796469,22.44951920902502,1.5121896700954758,1.41,22.4,1.5
1762135395555,2025-11-03 11:03:15.555,AC:23:3F:26:3E:EF,-74,127,1.388147015796469,22.44951920902502,1.5121896700954758,1.41,22.4,1.5
1762135396210,2025-11-03 11:03:16.210,AC:23:3F:26:3E:EF,-79,127,1.388147015796469,22.44951920902502,1.5121896700954758,1.41,22.4,1.5
1762135396239,2025-11-03 11:03:16.239,AC:23:3F:26:3E:EF,-90,127,1.388147015796469,22.44951920902502,1.5121896700954758,1.41,22.4,1.5
1762135396257,2025-11-03 11:03:16.257,AC:23:3F:26:3E:EF,-78,127,1.388147015796469,22.44951920902502,1.5121896700954758,1.41,22.4,1.5
1762135396269,2025-11-03 11:03:16.269,AC:23:3F:26:3E:EF,-79,127,1.388147015796469,22.44951920902502,1.5121896700954758,1.41,22.4,1.5
1762135396921,2025-11-03 11:03:16.921,AC:23:3F:26:3E:EF,-71,127,1.388147015796469,22.44951920902502,1.5121896700954758,1.41,22.4,1.5
1762135396950,2025-11-03 11:03:16.950,AC:23:3F:26:3E:EF,-72,127,1.388147015796469,22.44951920902502,1.5121896700954758,1.41,22.4,1.5
1762135396970,2025-11-03 11:03:16.970,AC:23:3F:26:3E:EF,-72,127,1.388147015796469,22.44951920902502,1.5121896700954758,1.41,22.4,1.5
1762135397627,2025-11-03 11:03:17.627,AC:23:3F:26:3E:EF,-88,127,1.388147015796469,22.44951920902502,1.5121896700954758,1.41,22.4,1.5
1762135397657,2025-11-03 11:03:17.657,AC:23:3F:26:3E:EF,-84,127,1.388147015796469,22.44951920902502,1.5121896700954758,1.41,22.4,1.5
1762135397668,2025-11-03 11:03:17.668,AC:23:3F:26:3E:EF,-83,127,1.388147015796469,22.44951920902502,1.5121896700954758,1.41,22.4,1.5
1762135398353,2025-11-03 11:03:18.353,AC:23:3F:26:3E:EF,-85,127,1.388147015796469,22.44951920902502,1.5121896700954758,1.41,22.4,1.5
1762135399049,2025-11-03 11:03:19.049,AC:23:3F:26:3E:EF,-73,127,1.388147015796469,22.44951920902502,1.5121896700954758,1.41,22.4,1.5
1762135399756,2025-11-03 11:03:19.756,AC:23:3F:26:3E:EF,-90,127,1.388147015796469,22.44951920902502,1.5121896700954758,1.41,22.4,1.5
1762135399772,2025-11-03 11:03:19.772,AC:23:3F:26:3E:EF,-87,127,1.388147015796469,22.44951920902502,1.5121896700954758,1.41,22.4,1.5
1762135399808,2025-11-03 11:03:19.808,AC:23:3F:26:3E:EF,-84,127,1.388147015796469,22.44951920902502,1.5121896700954758,1.41,22.4,1.5
1762135400218,2025-11-03 11:03:20.218,AC:23:3F:26:3E:EF,-87,127,1.388147015796469,22.44951920902502,1.5121896700954758,1.41,22.4,1.5
1762135400467,2025-11-03 11:03:20.467,AC:23:3F:26:3E:EF,-82,127,1.388147015796469,22.44951920902502,1.5121896700954758,1.41,22.4,1.5
1762135401198,2025-11-03 11:03:21.198,AC:23:3F:26:3E:EF,-91,127,1.388147015796469,22.44951920902502,1.5121896700954758,1.41,22.4,1.5
1762135401885,2025-11-03 11:03:21.885,AC:23:3F:26:3E:EF,-84,127,1.388147015796469,22.44951920902502,1.5121896700954758,1.41,22.4,1.5
1762135401897,2025-11-03 11:03:21.897,AC:23:3F:26:3E:EF,-86,127,1.388147015796469,22.44951920902502,1.5121896700954758,1.41,22.4,1.5
1762135401949,2025-11-03 11:03:21.949,AC:23:3F:26:3E:EF,-87,127,1.388147015796469,22.44951920902502,1.5121896700954758,1.41,22.4,1.5
1762135402583,2025-11-03 11:03:22.583,AC:23:3F:26:3E:EF,-74,127,1.388147015796469,22.44951920902502,1.5121896700954758,1.41,22.4,1.5
1762135402616,2025-11-03 11:03:22.616,AC:23:3F:26:3E:EF,-74,127,1.388147015796469,22.44951920902502,1.5121896700954758,1.41,22.4,1.5
1762135402654,2025-11-03 11:03:22.654,AC:23:3F:26:3E:EF,-74,127,1.388147015796469,22.44951920902502,1.5121896700954758,1.41,22.4,1.5
1762135403286,2025-11-03 11:03:23.286,AC:23:3F:26:3E:EF,-87,127,1.388147015796469,22.44951920902502,1.5121896700954758,1.41,22.4,1.5
1762135403316,2025-11-03 11:03:23.316,AC:23:3F:26:3E:EF,-95,127,1.388147015796469,22.44951920902502,1.5121896700954758,1.41,22.4,1.5
1762135404003,2025-11-03 11:03:24.003,AC:23:3F:26:3E:EF,-85,127,1.388147015796469,22.44951920902502,1.5121896700954758,1.41,22.4,1.5
1762135404027,2025-11-03 11:03:24.027,AC:23:3F:26:3E:EF,-85,127,1.388147015796469,22.44951920902502,1.5121896700954758,1.41,22.4,1.5
1762135404089,2025-11-03 11:03:24.089,AC:23:3F:26:3E:EF,-74,127,1.388147015796469,22.44951920902502,1.5121896700954758,1.41,22.4,1.5
1762135404696,2025-11-03 11:03:24.696,AC:23:3F:26:3E:EF,-74,127,1.388147015796469,22.44951920902502,1.5121896700954758,1.41,22.4,1.5
1762135404717,2025-11-03 11:03:24.717,AC:23:3F:26:3E:EF,-74,127,1.388147015796469,22.44951920902502,1.5121896700954758,1.41,22.4,1.5
1762135404792,2025-11-03 11:03:24.792,AC:23:3F:26:3E:EF,-92,127,1.388147015796469,22.44951920902502,1.5121896700954758,1.41,22.4,1.5
1762135405408,2025-11-03 11:03:25.408,AC:23:3F:26:3E:EF,-91,127,1.388147015796469,22.44951920902502,1.5121896700954758,1.41,22.4,1.5
1762135405509,2025-11-03 11:03:25.509,AC:23:3F:26:3E:EF,-79,127,1.388147015796469,22.44951920902502,1.5121896700954758,1.41,22.4,1.5
1762135406115,2025-11-03 11:03:26.115,AC:23:3F:26:3E:EF,-80,127,1.388147015796469,22.44951920902502,1.5121896700954758,1.41,22.4,1.5
1762135406142,2025-11-03 11:03:26.142,AC:23:3F:26:3E:EF,-80,127,1.388147015796469,22.44951920902502,1.5121896700954758,1.41,22.4,1.5
1762135406221,2025-11-03 11:03:26.221,AC:23:3F:26:3E:EF,-71,127,1.388147015796469,22.44951920902502,1.5121896700954758,1.41,22.4,1.5
1762135406814,2025-11-03 11:03:26.814,AC:23:3F:26:3E:EF,-74,127,1.388147015796469,22.44951920902502,1.5121896700954758,1.41,22.4,1.5
1762135406837,2025-11-03 11:03:26.837,AC:23:3F:26:3E:EF,-72,127,1.388147015796469,22.44951920902502,1.5121896700954758,1.41,22.4,1.5
1762135406943,2025-11-03 11:03:26.943,AC:23:3F:26:3E:EF,-80,127,1.388147015796469,22.44951920902502,1.5121896700954758,1.41,22.4,1.5
1762135407520,2025-11-03 11:03:27.520,AC:23:3F:26:3E:EF,-82,127,1.388147015796469,22.44951920902502,1.5121896700954758,1.41,22.4,1.5
1762135407546,2025-11-03 11:03:27.546,AC:23:3F:26:3E:EF,-80,127,1.388147015796469,22.44951920902502,1.5121896700954758,1.41,22.4,1.5
1762135407644,2025-11-03 11:03:27.644,AC:23:3F:26:3E:EF,-78,127,1.388147015796469,22.44951920902502,1.5121896700954758,1.41,22.4,1.5
1762135408222,2025-11-03 11:03:28.222,AC:23:3F:26:3E:EF,-96,127,1.388147015796469,22.44951920902502,1.5121896700954758,1.41,22.4,1.5
1762135408243,2025-11-03 11:03:28.243,AC:23:3F:26:3E:EF,-81,127,1.388147015796469,22.44951920902502,1.5121896700954758,1.41,22.4,1.5
1762135408258,2025-11-03 11:03:28.258,AC:23:3F:26:3E:EF,-80,127,1.388147015796469,22.44951920902502,1.5121896700954758,1.41,22.4,1.5
1762135408355,2025-11-03 11:03:28.355,AC:23:3F:26:3E:EF,-71,127,1.388147015796469,22.44951920902502,1.5121896700954758,1.41,22.4,1.5
1762135408923,2025-11-03 11:03:28.923,AC:23:3F:26:3E:EF,-71,127,1.388147015796469,22.44951920902502,1.5121896700954758,1.41,22.4,1.5
1762135408956,2025-11-03 11:03:28.956,AC:23:3F:26:3E:EF,-70,127,1.388147015796469,22.44951920902502,1.5121896700954758,1.41,22.4,1.5
1762135409076,2025-11-03 11:03:29.076,AC:23:3F:26:3E:EF,-83,127,1.388147015796469,22.44951920902502,1.5121896700954758,1.41,22.4,1.5
1762135409641,2025-11-03 11:03:29.641,AC:23:3F:26:3E:EF,-83,127,1.388147015796469,22.44951920902502,1.5121896700954758,1.41,22.4,1.5
1762135409660,2025-11-03 11:03:29.660,AC:23:3F:26:3E:EF,-85,127,1.388147015796469,22.44951920902502,1.5121896700954758,1.41,22.4,1.5
1762135410341,2025-11-03 11:03:30.341,AC:23:3F:26:3E:EF,-85,127,1.388147015796469,22.44951920902502,1.5121896700954758,1.41,22.4,1.5
1762135410512,2025-11-03 11:03:30.512,AC:23:3F:26:3E:EF,-88,127,1.388147015796469,22.44951920902502,1.5121896700954758,1.41,22.4,1.5
1762135411046,2025-11-03 11:03:31.046,AC:23:3F:26:3E:EF,-73,127,1.388147015796469,22.44951920902502,1.5121896700954758,1.41,22.4,1.5
1762135411076,2025-11-03 11:03:31.076,AC:23:3F:26:3E:EF,-74,127,1.388147015796469,22.44951920902502,1.5121896700954758,1.41,22.4,1.5
1762135411213,2025-11-03 11:03:31.213,AC:23:3F:26:3E:EF,-85,127,1.388147015796469,22.44951920902502,1.5121896700954758,1.41,22.4,1.5
1762135411753,2025-11-03 11:03:31.753,AC:23:3F:26:3E:EF,-83,127,1.388147015796469,22.44951920902502,1.5121896700954758,1.41,22.4,1.5
1762135411789,2025-11-03 11:03:31.789,AC:23:3F:26:3E:EF,-93,127,1.388147015796469,22.44951920902502,1.5121896700954758,1.41,22.4,1.5
1762135411920,2025-11-03 11:03:31.920,AC:23:3F:26:3E:EF,-72,127,1.388147015796469,22.44951920902502,1.5121896700954758,1.41,22.4,1.5
1762135412217,2025-11-03 11:03:32.217,AC:23:3F:26:3E:EF,-84,127,1.388147015796469,22.44951920902502,1.5121896700954758,1.41,22.4,1.5
1762135412458,2025-11-03 11:03:32.458,AC:23:3F:26:3E:EF,-92,127,1.388147015796469,22.44951920902502,1.5121896700954758,1.41,22.4,1.5
1762135412487,2025-11-03 11:03:32.487,AC:23:3F:26:3E:EF,-74,127,1.388147015796469,22.44951920902502,1.5121896700954758,1.41,22.4,1.5
1762135412641,2025-11-03 11:03:32.641,AC:23:3F:26:3E:EF,-81,127,1.388147015796469,22.44951920902502,1.5121896700954758,1.41,22.4,1.5
1762135413203,2025-11-03 11:03:33.203,AC:23:3F:26:3E:EF,-83,127,1.388147015796469,22.44951920902502,1.5121896700954758,1.41,22.4,1.5
1762135413352,2025-11-03 11:03:33.352,AC:23:3F:26:3E:EF,-86,127,1.388147015796469,22.44951920902502,1.5121896700954758,1.41,22.4,1.5
1762135414616,2025-11-03 11:03:34.616,AC:23:3F:26:3E:EF,-72,127,1.388147015796469,22.44951920902502,1.5121896700954758,1.41,22.4,1.5
1762135415274,2025-11-03 11:03:35.274,AC:23:3F:26:3E:EF,-74,127,1.388147015796469,22.44951920902502,1.5121896700954758,1.41,22.4,1.5
1762135415335,2025-11-03 11:03:35.335,AC:23:3F:26:3E:EF,-86,127,1.388147015796469,22.44951920902502,1.5121896700954758,1.41,22.4,1.5
1762135415490,2025-11-03 11:03:35.490,AC:23:3F:26:3E:EF,-73,127,1.388147015796469,22.44951920902502,1.5121896700954758,1.41,22.4,1.5
1762135415982,2025-11-03 11:03:35.982,AC:23:3F:26:3E:EF,-93,127,1.388147015796469,22.44951920902502,1.5121896700954758,1.41,22.4,1.5
1762135416044,2025-11-03 11:03:36.044,AC:23:3F:26:3E:EF,-91,127,1.388147015796469,22.44951920902502,1.5121896700954758,1.41,22.4,1.5
1762135416202,2025-11-03 11:03:36.202,AC:23:3F:26:3E:EF,-84,127,1.388147015796469,22.44951920902502,1.5121896700954758,1.41,22.4,1.5
1762135416219,2025-11-03 11:03:36.219,AC:23:3F:26:3E:EF,-98,127,1.388147015796469,22.44951920902502,1.5121896700954758,1.41,22.4,1.5
1762135416687,2025-11-03 11:03:36.687,AC:23:3F:26:3E:EF,-72,127,1.388147015796469,22.44951920902502,1.5121896700954758,1.41,22.4,1.5
1762135416754,2025-11-03 11:03:36.754,AC:23:3F:26:3E:EF,-72,127,1.388147015796469,22.44951920902502,1.5121896700954758,1.41,22.4,1.5
1762135417387,2025-11-03 11:03:37.387,AC:23:3F:26:3E:EF,-81,127,1.388147015796469,22.44951920902502,1.5121896700954758,1.41,22.4,1.5
1762135417449,2025-11-03 11:03:37.449,AC:23:3F:26:3E:EF,-81,127,1.388147015796469,22.44951920902502,1.5121896700954758,1.41,22.4,1.5
1762135417625,2025-11-03 11:03:37.625,AC:23:3F:26:3E:EF,-72,127,1.388147015796469,22.44951920902502,1.5121896700954758,1.41,22.4,1.5
1762135418100,2025-11-03 11:03:38.100,AC:23:3F:26:3E:EF,-86,127,1.388147015796469,22.44951920902502,1.5121896700954758,1.41,22.4,1.5
1762135418167,2025-11-03 11:03:38.167,AC:23:3F:26:3E:EF,-86,127,1.388147015796469,22.44951920902502,1.5121896700954758,1.41,22.4,1.5
1762135418806,2025-11-03 11:03:38.806,AC:23:3F:26:3E:EF,-71,127,1.388147015796469,22.44951920902502,1.5121896700954758,1.41,22.4,1.5
1762135418878,2025-11-03 11:03:38.878,AC:23:3F:26:3E:EF,-71,127,1.388147015796469,22.44951920902502,1.5121896700954758,1.41,22.4,1.5
1762135419052,2025-11-03 11:03:39.052,AC:23:3F:26:3E:EF,-84,127,1.388147015796469,22.44951920902502,1.5121896700954758,1.41,22.4,1.5
1762135419509,2025-11-03 11:03:39.509,AC:23:3F:26:3E:EF,-87,127,1.388147015796469,22.44951920902502,1.5121896700954758,1.41,22.4,1.5
1762135419573,2025-11-03 11:03:39.573,AC:23:3F:26:3E:EF,-86,127,1.388147015796469,22.44951920902502,1.5121896700954758,1.41,22.4,1.5
1762135419769,2025-11-03 11:03:39.769,AC:23:3F:26:3E:EF,-72,127,1.388147015796469,22.44951920902502,1.5121896700954758,1.41,22.4,1.5
1762135420213,2025-11-03 11:03:40.213,AC:23:3F:26:3E:EF,-86,127,1.388147015796469,22.44951920902502,1.5121896700954758,1.41,22.4,1.5
1762135420479,2025-11-03 11:03:40.479,AC:23:3F:26:3E:EF,-87,127,1.388147015796469,22.44951920902502,1.5121896700954758,1.41,22.4,1.5
1762135420919,2025-11-03 11:03:40.919,AC:23:3F:26:3E:EF,-72,127,1.388147015796469,22.44951920902502,1.5121896700954758,1.41,22.4,1.5
1762135421196,2025-11-03 11:03:41.196,AC:23:3F:26:3E:EF,-72,127,1.388147015796469,22.44951920902502,1.5121896700954758,1.41,22.4,1.5
1762135421616,2025-11-03 11:03:41.616,AC:23:3F:26:3E:EF,-86,127,1.388147015796469,22.44951920902502,1.5121896700954758,1.41,22.4,1.5
1762135421709,2025-11-03 11:03:41.709,AC:23:3F:26:3E:EF,-85,127,1.388147015796469,22.44951920902502,1.5121896700954758,1.41,22.4,1.5
1762135422342,2025-11-03 11:03:42.342,AC:23:3F:26:3E:EF,-85,127,1.388147015796469,22.44951920902502,1.5121896700954758,1.41,22.4,1.5
1762135422408,2025-11-03 11:03:42.408,AC:23:3F:26:3E:EF,-72,127,1.388147015796469,22.44951920902502,1.5121896700954758,1.41,22.4,1.5
1762135422630,2025-11-03 11:03:42.630,AC:23:3F:26:3E:EF,-86,127,1.388147015796469,22.44951920902502,1.5121896700954758,1.41,22.4,1.5
1762135423031,2025-11-03 11:03:43.031,AC:23:3F:26:3E:EF,-72,127,1.388147015796469,22.44951920902502,1.5121896700954758,1.41,22.4,1.5
1762135423107,2025-11-03 11:03:43.107,AC:23:3F:26:3E:EF,-86,127,1.388147015796469,22.44951920902502,1.5121896700954758,1.41,22.4,1.5
1762135423333,2025-11-03 11:03:43.333,AC:23:3F:26:3E:EF,-71,127,1.388147015796469,22.44951920902502,1.5121896700954758,1.41,22.4,1.5
1762135423738,2025-11-03 11:03:43.738,AC:23:3F:26:3E:EF,-86,127,1.388147015796469,22.44951920902502,1.5121896700954758,1.41,22.4,1.5
1762135423826,2025-11-03 11:03:43.826,AC:23:3F:26:3E:EF,-84,127,1.388147015796469,22.44951920902502,1.5121896700954758,1.41,22.4,1.5
1762135424041,2025-11-03 11:03:44.041,AC:23:3F:26:3E:EF,-86,127,1.388147015796469,22.44951920902502,1.5121896700954758,1.41,22.4,1.5
1762135424224,2025-11-03 11:03:44.224,AC:23:3F:26:3E:EF,-84,127,1.388147015796469,22.44951920902502,1.5121896700954758,1.41,22.4,1.5
1762135424436,2025-11-03 11:03:44.436,AC:23:3F:26:3E:EF,-85,127,1.388147015796469,22.44951920902502,1.5121896700954758,1.41,22.4,1.5
1762135424529,2025-11-03 11:03:44.529,AC:23:3F:26:3E:EF,-71,127,1.388147015796469,22.44951920902502,1.5121896700954758,1.41,22.4,1.5
1762135424765,2025-11-03 11:03:44.765,AC:23:3F:26:3E:EF,-85,127,1.388147015796469,22.44951920902502,1.5121896700954758,1.41,22.4,1.5
1762135425140,2025-11-03 11:03:45.140,AC:23:3F:26:3E:EF,-71,127,1.388147015796469,22.44951920902502,1.5121896700954758,1.41,22.4,1.5
1762135425240,2025-11-03 11:03:45.240,AC:23:3F:26:3E:EF,-84,127,1.388147015796469,22.44951920902502,1.5121896700954758,1.41,22.4,1.5
1762135425469,2025-11-03 11:03:45.469,AC:23:3F:26:3E:EF,-71,127,1.388147015796469,22.44951920902502,1.5121896700954758,1.41,22.4,1.5
1762135425845,2025-11-03 11:03:45.845,AC:23:3F:26:3E:EF,-85,127,1.388147015796469,22.44951920902502,1.5121896700954758,1.41,22.4,1.5
1762135426186,2025-11-03 11:03:46.186,AC:23:3F:26:3E:EF,-86,127,1.388147015796469,22.44951920902502,1.5121896700954758,1.41,22.4,1.5
1762135426560,2025-11-03 11:03:46.560,AC:23:3F:26:3E:EF,-85,127,1.388147015796469,22.44951920902502,1.5121896700954758,1.41,22.4,1.5
1762135426663,2025-11-03 11:03:46.663,AC:23:3F:26:3E:EF,-72,127,1.388147015796469,22.44951920902502,1.5121896700954758,1.41,22.4,1.5
1762135426894,2025-11-03 11:03:46.894,AC:23:3F:26:3E:EF,-72,127,1.388147015796469,22.44951920902502,1.5121896700954758,1.41,22.4,1.5
1762135427257,2025-11-03 11:03:47.257,AC:23:3F:26:3E:EF,-71,127,1.388147015796469,22.44951920902502,1.5121896700954758,1.41,22.4,1.5
1762135427366,2025-11-03 11:03:47.366,AC:23:3F:26:3E:EF,-85,127,1.388147015796469,22.44951920902502,1.5121896700954758,1.41,22.4,1.5
1762135427605,2025-11-03 11:03:47.605,AC:23:3F:26:3E:EF,-84,127,1.388147015796469,22.44951920902502,1.5121896700954758,1.41,22.4,1.5
1762135427967,2025-11-03 11:03:47.967,AC:23:3F:26:3E:EF,-84,127,1.388147015796469,22.44951920902502,1.5121896700954758,1.41,22.4,1.5
1762135428067,2025-11-03 11:03:48.067,AC:23:3F:26:3E:EF,-86,127,1.388147015796469,22.44951920902502,1.5121896700954758,1.41,22.4,1.5
1762135428321,2025-11-03 11:03:48.321,AC:23:3F:26:3E:EF,-82,127,1.388147015796469,22.44951920902502,1.5121896700954758,1.41,22.4,1.5
1762135428669,2025-11-03 11:03:48.669,AC:23:3F:26:3E:EF,-83,127,1.388147015796469,22.44951920902502,1.5121896700954758,1.41,22.4,1.5
1762135428787,2025-11-03 11:03:48.787,AC:23:3F:26:3E:EF,-80,127,1.388147015796469,22.44951920902502,1.5121896700954758,1.41,22.4,1.5
1762135429036,2025-11-03 11:03:49.036,AC:23:3F:26:3E:EF,-71,127,1.388147015796469,22.44951920902502,1.5121896700954758,1.41,22.4,1.5
1762135429373,2025-11-03 11:03:49.373,AC:23:3F:26:3E:EF,-71,127,1.388147015796469,22.44951920902502,1.5121896700954758,1.41,22.4,1.5
1762135429500,2025-11-03 11:03:49.500,AC:23:3F:26:3E:EF,-82,127,1.388147015796469,22.44951920902502,1.5121896700954758,1.41,22.4,1.5
1762135430201,2025-11-03 11:03:50.201,AC:23:3F:26:3E:EF,-71,127,1.388147015796469,22.44951920902502,1.5121896700954758,1.41,22.4,1.5
1762135430462,2025-11-03 11:03:50.462,AC:23:3F:26:3E:EF,-82,127,1.388147015796469,22.44951920902502,1.5121896700954758,1.41,22.4,1.5
1762135430800,2025-11-03 11:03:50.800,AC:23:3F:26:3E:EF,-72,127,1.388147015796469,22.44951920902502,1.5121896700954758,1.41,22.4,1.5
1762135430898,2025-11-03 11:03:50.898,AC:23:3F:26:3E:EF,-80,127,1.388147015796469,22.44951920902502,1.5121896700954758,1.41,22.4,1.5
1762135431171,2025-11-03 11:03:51.171,AC:23:3F:26:3E:EF,-72,127,1.388147015796469,22.44951920902502,1.5121896700954758,1.41,22.4,1.5
1762135431620,2025-11-03 11:03:51.620,AC:23:3F:26:3E:EF,-82,127,1.388147015796469,22.44951920902502,1.5121896700954758,1.41,22.4,1.5
1762135431888,2025-11-03 11:03:51.888,AC:23:3F:26:3E:EF,-83,127,1.388147015796469,22.44951920902502,1.5121896700954758,1.41,22.4,1.5
1762135432193,2025-11-03 11:03:52.193,AC:23:3F:26:3E:EF,-86,127,1.388147015796469,22.44951920902502,1.5121896700954758,1.41,22.4,1.5
1762135432228,2025-11-03 11:03:52.228,AC:23:3F:26:3E:EF,-98,127,1.388147015796469,22.44951920902502,1.5121896700954758,1.41,22.4,1.5
1762135432327,2025-11-03 11:03:52.327,AC:23:3F:26:3E:EF,-72,127,1.388147015796469,22.44951920902502,1.5121896700954758,1.41,22.4,1.5
1762135432598,2025-11-03 11:03:52.598,AC:23:3F:26:3E:EF,-72,127,1.388147015796469,22.44951920902502,1.5121896700954758,1.41,22.4,1.5
1762135432897,2025-11-03 11:03:52.897,AC:23:3F:26:3E:EF,-72,127,1.388147015796469,22.44951920902502,1.5121896700954758,1.41,22.4,1.5
1762135433325,2025-11-03 11:03:53.325,AC:23:3F:26:3E:EF,-85,127,1.388147015796469,22.44951920902502,1.5121896700954758,1.41,22.4,1.5
1762135433600,2025-11-03 11:03:53.600,AC:23:3F:26:3E:EF,-85,127,1.388147015796469,22.44951920902502,1.5121896700954758,1.41,22.4,1.5
1762135434031,2025-11-03 11:03:54.031,AC:23:3F:26:3E:EF,-87,127,1.388147015796469,22.44951920902502,1.5121896700954758,1.41,22.4,1.5
1762135434314,2025-11-03 11:03:54.314,AC:23:3F:26:3E:EF,-86,127,1.388147015796469,22.44951920902502,1.5121896700954758,1.41,22.4,1.5
1762135434437,2025-11-03 11:03:54.437,AC:23:3F:26:3E:EF,-72,127,1.388147015796469,22.44951920902502,1.5121896700954758,1.41,22.4,1.5
1762135434743,2025-11-03 11:03:54.743,AC:23:3F:26:3E:EF,-72,127,1.388147015796469,22.44951920902502,1.5121896700954758,1.41,22.4,1.5
1762135435025,2025-11-03 11:03:55.025,AC:23:3F:26:3E:EF,-72,127,1.388147015796469,22.44951920902502,1.5121896700954758,1.41,22.4,1.5
1762135435154,2025-11-03 11:03:55.154,AC:23:3F:26:3E:EF,-84,127,1.388147015796469,22.44951920902502,1.5121896700954758,1.41,22.4,1.5
1762135435458,2025-11-03 11:03:55.458,AC:23:3F:26:3E:EF,-84,127,1.388147015796469,22.44951920902502,1.5121896700954758,1.41,22.4,1.5
1762135435858,2025-11-03 11:03:55.858,AC:23:3F:26:3E:EF,-86,127,1.388147015796469,22.44951920902502,1.5121896700954758,1.41,22.4,1.5
1762135436172,2025-11-03 11:03:56.172,AC:23:3F:26:3E:EF,-86,127,1.388147015796469,22.44951920902502,1.5121896700954758,1.41,22.4,1.5
1762135436217,2025-11-03 11:03:56.217,AC:23:3F:26:3E:EF,-85,127,1.388147015796469,22.44951920902502,1.5121896700954758,1.41,22.4,1.5
1762135436430,2025-11-03 11:03:56.430,AC:23:3F:26:3E:EF,-87,127,1.388147015796469,22.44951920902502,1.5121896700954758,1.41,22.4,1.5
1762135436563,2025-11-03 11:03:56.563,AC:23:3F:26:3E:EF,-72,127,1.388147015796469,22.44951920902502,1.5121896700954758,1.41,22.4,1.5
1762135436874,2025-11-03 11:03:56.874,AC:23:3F:26:3E:EF,-73,127,1.388147015796469,22.44951920902502,1.5121896700954758,1.41,22.4,1.5
1762135437129,2025-11-03 11:03:57.129,AC:23:3F:26:3E:EF,-72,127,1.388147015796469,22.44951920902502,1.5121896700954758,1.41,22.4,1.5
1762135437280,2025-11-03 11:03:57.280,AC:23:3F:26:3E:EF,-82,127,1.388147015796469,22.44951920902502,1.5121896700954758,1.41,22.4,1.5
1762135437595,2025-11-03 11:03:57.595,AC:23:3F:26:3E:EF,-87,127,1.388147015796469,22.44951920902502,1.5121896700954758,1.41,22.4,1.5
1762135437827,2025-11-03 11:03:57.827,AC:23:3F:26:3E:EF,-84,127,1.388147015796469,22.44951920902502,1.5121896700954758,1.41,22.4,1.5
1762135437988,2025-11-03 11:03:57.988,AC:23:3F:26:3E:EF,-87,127,1.388147015796469,22.44951920902502,1.5121896700954758,1.41,22.4,1.5
1762135438543,2025-11-03 11:03:58.543,AC:23:3F:26:3E:EF,-86,127,1.388147015796469,22.44951920902502,1.5121896700954758,1.41,22.4,1.5
1762135438687,2025-11-03 11:03:58.687,AC:23:3F:26:3E:EF,-84,127,1.388147015796469,22.44951920902502,1.5121896700954758,1.41,22.4,1.5
1762135439023,2025-11-03 11:03:59.023,AC:23:3F:26:3E:EF,-85,127,1.388147015796469,22.44951920902502,1.5121896700954758,1.41,22.4,1.5
1762135439247,2025-11-03 11:03:59.247,AC:23:3F:26:3E:EF,-72,127,1.388147015796469,22.44951920902502,1.5121896700954758,1.41,22.4,1.5
1762135439398,2025-11-03 11:03:59.398,AC:23:3F:26:3E:EF,-86,127,1.388147015796469,22.44951920902502,1.5121896700954758,1.41,22.4,1.5
1762135439736,2025-11-03 11:03:59.736,AC:23:3F:26:3E:EF,-87,127,1.388147015796469,22.44951920902502,1.5121896700954758,1.41,22.4,1.5
1762135439957,2025-11-03 11:03:59.957,AC:23:3F:26:3E:EF,-84,127,1.388147015796469,22.44951920902502,1.5121896700954758,1.41,22.4,1.5
1762135440100,2025-11-03 11:04:00.100,AC:23:3F:26:3E:EF,-72,127,1.388147015796469,22.44951920902502,1.5121896700954758,1.41,22.4,1.5
1762135440226,2025-11-03 11:04:00.226,AC:23:3F:26:3E:EF,-97,127,1.388147015796469,22.44951920902502,1.5121896700954758,1.41,22.4,1.5
1762135440450,2025-11-03 11:04:00.450,AC:23:3F:26:3E:EF,-72,127,1.388147015796469,22.44951920902502,1.5121896700954758,1.41,22.4,1.5
1762135440659,2025-11-03 11:04:00.659,AC:23:3F:26:3E:EF,-86,127,1.388147015796469,22.44951920902502,1.5121896700954758,1.41,22.4,1.5
1762135440819,2025-11-03 11:04:00.819,AC:23:3F:26:3E:EF,-86,127,1.388147015796469,22.44951920902502,1.5121896700954758,1.41,22.4,1.5
1762135441156,2025-11-03 11:04:01.156,AC:23:3F:26:3E:EF,-86,127,1.388147015796469,22.44951920902502,1.5121896700954758,1.41,22.4,1.5
1762135441523,2025-11-03 11:04:01.523,AC:23:3F:26:3E:EF,-86,127,1.388147015796469,22.44951920902502,1.5121896700954758,1.41,22.4,1.5
1762135441879,2025-11-03 11:04:01.879,AC:23:3F:26:3E:EF,-87,127,1.388147015796469,22.44951920902502,1.5121896700954758,1.41,22.4,1.5
1762135442061,2025-11-03 11:04:02.061,AC:23:3F:26:3E:EF,-84,127,1.388147015796469,22.44951920902502,1.5121896700954758,1.41,22.4,1.5
1762135442224,2025-11-03 11:04:02.224,AC:23:3F:26:3E:EF,-72,127,1.388147015796469,22.44951920902502,1.5121896700954758,1.41,22.4,1.5
1762135442764,2025-11-03 11:04:02.764,AC:23:3F:26:3E:EF,-85,127,1.388147015796469,22.44951920902502,1.5121896700954758,1.41,22.4,1.5
1762135442935,2025-11-03 11:04:02.935,AC:23:3F:26:3E:EF,-85,127,1.388147015796469,22.44951920902502,1.5121896700954758,1.41,22.4,1.5
1762135443293,2025-11-03 11:04:03.293,AC:23:3F:26:3E:EF,-86,127,1.388147015796469,22.44951920902502,1.5121896700954758,1.41,22.4,1.5
1762135443477,2025-11-03 11:04:03.477,AC:23:3F:26:3E:EF,-72,127,1.388147015796469,22.44951920902502,1.5121896700954758,1.41,22.4,1.5
1762135443648,2025-11-03 11:04:03.648,AC:23:3F:26:3E:EF,-86,127,1.388147015796469,22.44951920902502,1.5121896700954758,1.41,22.4,1.5
1762135444181,2025-11-03 11:04:04.181,AC:23:3F:26:3E:EF,-86,127,1.388147015796469,22.44951920902502,1.5121896700954758,1.41,22.4,1.5
1762135444219,2025-11-03 11:04:04.219,AC:23:3F:26:3E:EF,-97,127,1.388147015796469,22.44951920902502,1.5121896700954758,1.41,22.4,1.5
1762135444356,2025-11-03 11:04:04.356,AC:23:3F:26:3E:EF,-72,127,1.388147015796469,22.44951920902502,1.5121896700954758,1.41,22.4,1.5
1762135444720,2025-11-03 11:04:04.720,AC:23:3F:26:3E:EF,-85,127,1.388147015796469,22.44951920902502,1.5121896700954758,1.41,22.4,1.5
1762135444884,2025-11-03 11:04:04.884,AC:23:3F:26:3E:EF,-71,127,1.388147015796469,22.44951920902502,1.5121896700954758,1.41,22.4,1.5
1762135445059,2025-11-03 11:04:05.059,AC:23:3F:26:3E:EF,-83,127,1.388147015796469,22.44951920902502,1.5121896700954758,1.41,22.4,1.5
1762135445451,2025-11-03 11:04:05.451,AC:23:3F:26:3E:EF,-88,127,1.388147015796469,22.44951920902502,1.5121896700954758,1.41,22.4,1.5
1762135445590,2025-11-03 11:04:05.590,AC:23:3F:26:3E:EF,-84,127,1.388147015796469,22.44951920902502,1.5121896700954758,1.41,22.4,1.5
1762135445776,2025-11-03 11:04:05.776,AC:23:3F:26:3E:EF,-87,127,1.388147015796469,22.44951920902502,1.5121896700954758,1.41,22.4,1.5
1762135446150,2025-11-03 11:04:06.150,AC:23:3F:26:3E:EF,-72,127,1.388147015796469,22.44951920902502,1.5121896700954758,1.41,22.4,1.5
1762135446294,2025-11-03 11:04:06.294,AC:23:3F:26:3E:EF,-91,127,1.388147015796469,22.44951920902502,1.5121896700954758,1.41,22.4,1.5
1762135446481,2025-11-03 11:04:06.481,AC:23:3F:26:3E:EF,-71,127,1.388147015796469,22.44951920902502,1.5121896700954758,1.41,22.4,1.5
1762135447001,2025-11-03 11:04:07.001,AC:23:3F:26:3E:EF,-72,127,1.388147015796469,22.44951920902502,1.5121896700954758,1.41,22.4,1.5
1762135447186,2025-11-03 11:04:07.186,AC:23:3F:26:3E:EF,-87,127,1.388147015796469,22.44951920902502,1.5121896700954758,1.41,22.4,1.5
1762135447581,2025-11-03 11:04:07.581,AC:23:3F:26:3E:EF,-87,127,1.388147015796469,22.44951920902502,1.5121896700954758,1.41,22.4,1.5
1762135447886,2025-11-03 11:04:07.886,AC:23:3F:26:3E:EF,-73,127,1.388147015796469,22.44951920902502,1.5121896700954758,1.41,22.4,1.5
1762135448217,2025-11-03 11:04:08.217,AC:23:3F:26:3E:EF,-85,127,1.388147015796469,22.44951920902502,1.5121896700954758,1.41,22.4,1.5
1762135448284,2025-11-03 11:04:08.284,AC:23:3F:26:3E:EF,-83,127,1.388147015796469,22.44951920902502,1.5121896700954758,1.41,22.4,1.5
1762135448414,2025-11-03 11:04:08.414,AC:23:3F:26:3E:EF,-89,127,1.388147015796469,22.44951920902502,1.5121896700954758,1.41,22.4,1.5
1762135448603,2025-11-03 11:04:08.603,AC:23:3F:26:3E:EF,-83,127,1.388147015796469,22.44951920902502,1.5121896700954758,1.41,22.4,1.5
1762135449117,2025-11-03 11:04:09.117,AC:23:3F:26:3E:EF,-72,127,1.388147015796469,22.44951920902502,1.5121896700954758,1.41,22.4,1.5
1762135449321,2025-11-03 11:04:09.321,AC:23:3F:26:3E:EF,-85,127,1.388147015796469,22.44951920902502,1.5121896700954758,1.41,22.4,1.5
1762135449710,2025-11-03 11:04:09.710,AC:23:3F:26:3E:EF,-72,127,1.388147015796469,22.44951920902502,1.5121896700954758,1.41,22.4,1.5
1762135449818,2025-11-03 11:04:09.818,AC:23:3F:26:3E:EF,-78,127,1.388147015796469,22.44951920902502,1.5121896700954758,1.41,22.4,1.5
1762135450011,2025-11-03 11:04:10.011,AC:23:3F:26:3E:EF,-72,127,1.388147015796469,22.44951920902502,1.5121896700954758,1.41,22.4,1.5
1762135450523,2025-11-03 11:04:10.523,AC:23:3F:26:3E:EF,-89,127,1.388147015796469,22.44951920902502,1.5121896700954758,1.41,22.4,1.5
1762135451143,2025-11-03 11:04:11.143,AC:23:3F:26:3E:EF,-90,127,1.388147015796469,22.44951920902502,1.5121896700954758,1.41,22.4,1.5
1762135451225,2025-11-03 11:04:11.225,AC:23:3F:26:3E:EF,-71,127,1.388147015796469,22.44951920902502,1.5121896700954758,1.41,22.4,1.5
1762135451438,2025-11-03 11:04:11.438,AC:23:3F:26:3E:EF,-89,127,1.388147015796469,22.44951920902502,1.5121896700954758,1.41,22.4,1.5
1762135451847,2025-11-03 11:04:11.847,AC:23:3F:26:3E:EF,-72,127,1.388147015796469,22.44951920902502,1.5121896700954758,1.41,22.4,1.5
1762135451928,2025-11-03 11:04:11.928,AC:23:3F:26:3E:EF,-82,127,1.388147015796469,22.44951920902502,1.5121896700954758,1.41,22.4,1.5
1762135452570,2025-11-03 11:04:12.570,AC:23:3F:26:3E:EF,-83,127,1.388147015796469,22.44951920902502,1.5121896700954758,1.41,22.4,1.5
1762135452639,2025-11-03 11:04:12.639,AC:23:3F:26:3E:EF,-89,127,1.388147015796469,22.44951920902502,1.5121896700954758,1.41,22.4,1.5
1762135453276,2025-11-03 11:04:13.276,AC:23:3F:26:3E:EF,-88,127,1.388147015796469,22.44951920902502,1.5121896700954758,1.41,22.4,1.5
1762135453988,2025-11-03 11:04:13.988,AC:23:3F:26:3E:EF,-82,127,1.388147015796469,22.44951920902502,1.5121896700954758,1.41,22.4,1.5
1762135454272,2025-11-03 11:04:14.272,AC:23:3F:26:3E:EF,-72,127,1.388147015796469,22.44951920902502,1.5121896700954758,1.41,22.4,1.5
1762135454707,2025-11-03 11:04:14.707,AC:23:3F:26:3E:EF,-88,127,1.388147015796469,22.44951920902502,1.5121896700954758,1.41,22.4,1.5
1762135454755,2025-11-03 11:04:14.755,AC:23:3F:26:3E:EF,-89,127,1.388147015796469,22.44951920902502,1.5121896700954758,1.41,22.4,1.5
1762135454979,2025-11-03 11:04:14.979,AC:23:3F:26:3E:EF,-82,127,1.388147015796469,22.44951920902502,1.5121896700954758,1.41,22.4,1.5
1762135455418,2025-11-03 11:04:15.418,AC:23:3F:26:3E:EF,-72,127,1.388147015796469,22.44951920902502,1.5121896700954758,1.41,22.4,1.5
1762135455455,2025-11-03 11:04:15.455,AC:23:3F:26:3E:EF,-72,127,1.388147015796469,22.44951920902502,1.5121896700954758,1.41,22.4,1.5
1762135456149,2025-11-03 11:04:16.149,AC:23:3F:26:3E:EF,-78,127,1.388147015796469,22.44951920902502,1.5121896700954758,1.41,22.4,1.5
1762135456170,2025-11-03 11:04:16.170,AC:23:3F:26:3E:EF,-78,127,1.388147015796469,22.44951920902502,1.5121896700954758,1.41,22.4,1.5
1762135456219,2025-11-03 11:04:16.219,AC:23:3F:26:3E:EF,-101,127,1.388147015796469,22.44951920902502,1.5121896700954758,1.41,22.4,1.5
1762135456385,2025-11-03 11:04:16.385,AC:23:3F:26:3E:EF,-82,127,1.388147015796469,22.44951920902502,1.5121896700954758,1.41,22.4,1.5
1762135456877,2025-11-03 11:04:16.877,AC:23:3F:26:3E:EF,-86,127,1.388147015796469,22.44951920902502,1.5121896700954758,1.41,22.4,1.5
1762135457102,2025-11-03 11:04:17.102,AC:23:3F:26:3E:EF,-90,127,1.388147015796469,22.44951920902502,1.5121896700954758,1.41,22.4,1.5
1762135457550,2025-11-03 11:04:17.550,AC:23:3F:26:3E:EF,-71,127,1.388147015796469,22.44951920902502,1.5121896700954758,1.41,22.4,1.5
1762135457807,2025-11-03 11:04:17.807,AC:23:3F:26:3E:EF,-71,127,1.388147015796469,22.44951920902502,1.5121896700954758,1.41,22.4,1.5
1762135458270,2025-11-03 11:04:18.270,AC:23:3F:26:3E:EF,-82,127,1.388147015796469,22.44951920902502,1.5121896700954758,1.41,22.4,1.5
1762135458509,2025-11-03 11:04:18.509,AC:23:3F:26:3E:EF,-82,127,1.388147015796469,22.44951920902502,1.5121896700954758,1.41,22.4,1.5
1762135458983,2025-11-03 11:04:18.983,AC:23:3F:26:3E:EF,-71,127,1.388147015796469,22.44951920902502,1.5121896700954758,1.41,22.4,1.5
1762135459007,2025-11-03 11:04:19.007,AC:23:3F:26:3E:EF,-72,127,1.388147015796469,22.44951920902502,1.5121896700954758,1.41,22.4,1.5
1762135459227,2025-11-03 11:04:19.227,AC:23:3F:26:3E:EF,-89,127,1.388147015796469,22.44951920902502,1.5121896700954758,1.41,22.4,1.5
1762135459684,2025-11-03 11:04:19.684,AC:23:3F:26:3E:EF,-82,127,1.388147015796469,22.44951920902502,1.5121896700954758,1.41,22.4,1.5
1762135459706,2025-11-03 11:04:19.706,AC:23:3F:26:3E:EF,-83,127,1.388147015796469,22.44951920902502,1.5121896700954758,1.41,22.4,1.5
1762135459933,2025-11-03 11:04:19.933,AC:23:3F:26:3E:EF,-71,127,1.388147015796469,22.44951920902502,1.5121896700954758,1.41,22.4,1.5
1762135460396,2025-11-03 11:04:20.396,AC:23:3F:26:3E:EF,-90,127,1.388147015796469,22.44951920902502,1.5121896700954758,1.41,22.4,1.5
1762135460411,2025-11-03 11:04:20.411,AC:23:3F:26:3E:EF,-91,127,1.388147015796469,22.44951920902502,1.5121896700954758,1.41,22.4,1.5
1762135460634,2025-11-03 11:04:20.634,AC:23:3F:26:3E:EF,-82,127,1.388147015796469,22.44951920902502,1.5121896700954758,1.41,22.4,1.5
1762135461095,2025-11-03 11:04:21.095,AC:23:3F:26:3E:EF,-71,127,1.388147015796469,22.44951920902502,1.5121896700954758,1.41,22.4,1.5
1762135461116,2025-11-03 11:04:21.116,AC:23:3F:26:3E:EF,-71,127,1.388147015796469,22.44951920902502,1.5121896700954758,1.41,22.4,1.5
1762135461339,2025-11-03 11:04:21.339,AC:23:3F:26:3E:EF,-90,127,1.388147015796469,22.44951920902502,1.5121896700954758,1.41,22.4,1.5
1762135461836,2025-11-03 11:04:21.836,AC:23:3F:26:3E:EF,-83,127,1.388147015796469,22.44951920902502,1.5121896700954758,1.41,22.4,1.5
1762135462048,2025-11-03 11:04:22.048,AC:23:3F:26:3E:EF,-71,127,1.388147015796469,22.44951920902502,1.5121896700954758,1.41,22.4,1.5
1762135462545,2025-11-03 11:04:22.545,AC:23:3F:26:3E:EF,-89,127,1.388147015796469,22.44951920902502,1.5121896700954758,1.41,22.4,1.5
1762135463214,2025-11-03 11:04:23.214,AC:23:3F:26:3E:EF,-71,127,1.388147015796469,22.44951920902502,1.5121896700954758,1.41,22.4,1.5
1762135463255,2025-11-03 11:04:23.255,AC:23:3F:26:3E:EF,-71,127,1.388147015796469,22.44951920902502,1.5121896700954758,1.41,22.4,1.5
1762135463469,2025-11-03 11:04:23.469,AC:23:3F:26:3E:EF,-90,127,1.388147015796469,22.44951920902502,1.5121896700954758,1.41,22.4,1.5
1762135463914,2025-11-03 11:04:23.914,AC:23:3F:26:3E:EF,-82,127,1.388147015796469,22.44951920902502,1.5121896700954758,1.41,22.4,1.5
1762135463973,2025-11-03 11:04:23.973,AC:23:3F:26:3E:EF,-83,127,1.388147015796469,22.44951920902502,1.5121896700954758,1.41,22.4,1.5
1762135464179,2025-11-03 11:04:24.179,AC:23:3F:26:3E:EF,-71,127,1.388147015796469,22.44951920902502,1.5121896700954758,1.41,22.4,1.5
1762135464628,2025-11-03 11:04:24.628,AC:23:3F:26:3E:EF,-90,127,1.388147015796469,22.44951920902502,1.5121896700954758,1.41,22.4,1.5
1762135464683,2025-11-03 11:04:24.683,AC:23:3F:26:3E:EF,-71,127,1.388147015796469,22.44951920902502,1.5121896700954758,1.41,22.4,1.5
1762135464889,2025-11-03 11:04:24.889,AC:23:3F:26:3E:EF,-90,127,1.388147015796469,22.44951920902502,1.5121896700954758,1.41,22.4,1.5
1762135465334,2025-11-03 11:04:25.334,AC:23:3F:26:3E:EF,-72,127,1.388147015796469,22.44951920902502,1.5121896700954758,1.41,22.4,1.5
1762135465401,2025-11-03 11:04:25.401,AC:23:3F:26:3E:EF,-83,127,1.388147015796469,22.44951920902502,1.5121896700954758,1.41,22.4,1.5
1762135465599,2025-11-03 11:04:25.599,AC:23:3F:26:3E:EF,-72,127,1.388147015796469,22.44951920902502,1.5121896700954758,1.41,22.4,1.5
1762135466034,2025-11-03 11:04:26.034,AC:23:3F:26:3E:EF,-83,127,1.388147015796469,22.44951920902502,1.5121896700954758,1.41,22.4,1.5
1762135466112,2025-11-03 11:04:26.112,AC:23:3F:26:3E:EF,-88,127,1.388147015796469,22.44951920902502,1.5121896700954758,1.41,22.4,1.5
1762135466300,2025-11-03 11:04:26.300,AC:23:3F:26:3E:EF,-83,127,1.388147015796469,22.44951920902502,1.5121896700954758,1.41,22.4,1.5
1762135466739,2025-11-03 11:04:26.739,AC:23:3F:26:3E:EF,-89,127,1.388147015796469,22.44951920902502,1.5121896700954758,1.41,22.4,1.5
1762135466829,2025-11-03 11:04:26.829,AC:23:3F:26:3E:EF,-71,127,1.388147015796469,22.44951920902502,1.5121896700954758,1.41,22.4,1.5
1762135467011,2025-11-03 11:04:27.011,AC:23:3F:26:3E:EF,-86,127,1.388147015796469,22.44951920902502,1.5121896700954758,1.41,22.4,1.5
1762135467436,2025-11-03 11:04:27.436,AC:23:3F:26:3E:EF,-72,127,1.388147015796469,22.44951920902502,1.5121896700954758,1.41,22.4,1.5
1762135467537,2025-11-03 11:04:27.537,AC:23:3F:26:3E:EF,-82,127,1.388147015796469,22.44951920902502,1.5121896700954758,1.41,22.4,1.5
1762135467728,2025-11-03 11:04:27.728,AC:23:3F:26:3E:EF,-72,127,1.388147015796469,22.44951920902502,1.5121896700954758,1.41,22.4,1.5
1762135468147,2025-11-03 11:04:28.147,AC:23:3F:26:3E:EF,-82,127,1.388147015796469,22.44951920902502,1.5121896700954758,1.41,22.4,1.5
1762135468256,2025-11-03 11:04:28.256,AC:23:3F:26:3E:EF,-89,127,1.388147015796469,22.44951920902502,1.5121896700954758,1.41,22.4,1.5
1762135468423,2025-11-03 11:04:28.423,AC:23:3F:26:3E:EF,-82,127,1.388147015796469,22.44951920902502,1.5121896700954758,1.41,22.4,1.5
1762135468855,2025-11-03 11:04:28.855,AC:23:3F:26:3E:EF,-90,127,1.388147015796469,22.44951920902502,1.5121896700954758,1.41,22.4,1.5
1762135468963,2025-11-03 11:04:28.963,AC:23:3F:26:3E:EF,-72,127,1.388147015796469,22.44951920902502,1.5121896700954758,1.41,22.4,1.5
1762135469129,2025-11-03 11:04:29.129,AC:23:3F:26:3E:EF,-88,127,1.388147015796469,22.44951920902502,1.5121896700954758,1.41,22.4,1.5
1762135469842,2025-11-03 11:04:29.842,AC:23:3F:26:3E:EF,-72,127,1.388147015796469,22.44951920902502,1.5121896700954758,1.41,22.4,1.5
1762135470393,2025-11-03 11:04:30.393,AC:23:3F:26:3E:EF,-72,127,1.388147015796469,22.44951920902502,1.5121896700954758,1.41,22.4,1.5
1762135470558,2025-11-03 11:04:30.558,AC:23:3F:26:3E:EF,-81,127,1.388147015796469,22.44951920902502,1.5121896700954758,1.41,22.4,1.5
1762135470973,2025-11-03 11:04:30.973,AC:23:3F:26:3E:EF,-90,127,1.388147015796469,22.44951920902502,1.5121896700954758,1.41,22.4,1.5
1762135471106,2025-11-03 11:04:31.106,AC:23:3F:26:3E:EF,-83,127,1.388147015796469,22.44951920902502,1.5121896700954758,1.41,22.4,1.5
1762135471265,2025-11-03 11:04:31.265,AC:23:3F:26:3E:EF,-89,127,1.388147015796469,22.44951920902502,1.5121896700954758,1.41,22.4,1.5
1762135471820,2025-11-03 11:04:31.820,AC:23:3F:26:3E:EF,-89,127,1.388147015796469,22.44951920902502,1.5121896700954758,1.41,22.4,1.5
1762135471964,2025-11-03 11:04:31.964,AC:23:3F:26:3E:EF,-72,127,1.388147015796469,22.44951920902502,1.5121896700954758,1.41,22.4,1.5
1762135472224,2025-11-03 11:04:32.224,AC:23:3F:26:3E:EF,-85,127,1.388147015796469,22.44951920902502,1.5121896700954758,1.41,22.4,1.5
1762135472375,2025-11-03 11:04:32.375,AC:23:3F:26:3E:EF,-83,127,1.388147015796469,22.44951920902502,1.5121896700954758,1.41,22.4,1.5
1762135472544,2025-11-03 11:04:32.544,AC:23:3F:26:3E:EF,-72,127,1.388147015796469,22.44951920902502,1.5121896700954758,1.41,22.4,1.5
1762135473081,2025-11-03 11:04:33.081,AC:23:3F:26:3E:EF,-72,127,1.388147015796469,22.44951920902502,1.5121896700954758,1.41,22.4,1.5
1762135473247,2025-11-03 11:04:33.247,AC:23:3F:26:3E:EF,-83,127,1.388147015796469,22.44951920902502,1.5121896700954758,1.41,22.4,1.5
1762135473385,2025-11-03 11:04:33.385,AC:23:3F:26:3E:EF,-89,127,1.388147015796469,22.44951920902502,1.5121896700954758,1.41,22.4,1.5
1762135473960,2025-11-03 11:04:33.960,AC:23:3F:26:3E:EF,-90,127,1.388147015796469,22.44951920902502,1.5121896700954758,1.41,22.4,1.5
1762135474095,2025-11-03 11:04:34.095,AC:23:3F:26:3E:EF,-83,127,1.388147015796469,22.44951920902502,1.5121896700954758,1.41,22.4,1.5
1762135474494,2025-11-03 11:04:34.494,AC:23:3F:26:3E:EF,-90,127,1.388147015796469,22.44951920902502,1.5121896700954758,1.41,22.4,1.5
1762135474668,2025-11-03 11:04:34.668,AC:23:3F:26:3E:EF,-71,127,1.388147015796469,22.44951920902502,1.5121896700954758,1.41,22.4,1.5
1762135474792,2025-11-03 11:04:34.792,AC:23:3F:26:3E:EF,-88,127,1.388147015796469,22.44951920902502,1.5121896700954758,1.41,22.4,1.5
1762135475194,2025-11-03 11:04:35.194,AC:23:3F:26:3E:EF,-72,127,1.388147015796469,22.44951920902502,1.5121896700954758,1.41,22.4,1.5
1762135475385,2025-11-03 11:04:35.385,AC:23:3F:26:3E:EF,-89,127,1.388147015796469,22.44951920902502,1.5121896700954758,1.41,22.4,1.5
1762135475503,2025-11-03 11:04:35.503,AC:23:3F:26:3E:EF,-72,127,1.388147015796469,22.44951920902502,1.5121896700954758,1.41,22.4,1.5
1762135476089,2025-11-03 11:04:36.089,AC:23:3F:26:3E:EF,-72,127,1.388147015796469,22.44951920902502,1.5121896700954758,1.41,22.4,1.5
1762135476210,2025-11-03 11:04:36.210,AC:23:3F:26:3E:EF,-82,127,1.388147015796469,22.44951920902502,1.5121896700954758,1.41,22.4,1.5
1762135476227,2025-11-03 11:04:36.227,AC:23:3F:26:3E:EF,-94,127,1.388147015796469,22.44951920902502,1.5121896700954758,1.41,22.4,1.5
1762135476605,2025-11-03 11:04:36.605,AC:23:3F:26:3E:EF,-89,127,1.388147015796469,22.44951920902502,1.5121896700954758,1.41,22.4,1.5
1762135476921,2025-11-03 11:04:36.921,AC:23:3F:26:3E:EF,-89,127,1.388147015796469,22.44951920902502,1.5121896700954758,1.41,22.4,1.5
1762135477318,2025-11-03 11:04:37.318,AC:23:3F:26:3E:EF,-71,127,1.388147015796469,22.44951920902502,1.5121896700954758,1.41,22.4,1.5
1762135477520,2025-11-03 11:04:37.520,AC:23:3F:26:3E:EF,-88,127,1.388147015796469,22.44951920902502,1.5121896700954758,1.41,22.4,1.5
1762135477630,2025-11-03 11:04:37.630,AC:23:3F:26:3E:EF,-71,127,1.388147015796469,22.44951920902502,1.5121896700954758,1.41,22.4,1.5
1762135478228,2025-11-03 11:04:38.228,AC:23:3F:26:3E:EF,-72,127,1.388147015796469,22.44951920902502,1.5121896700954758,1.41,22.4,1.5
1762135478330,2025-11-03 11:04:38.330,AC:23:3F:26:3E:EF,-82,127,1.388147015796469,22.44951920902502,1.5121896700954758,1.41,22.4,1.5
1762135478726,2025-11-03 11:04:38.726,AC:23:3F:26:3E:EF,-88,127,1.388147015796469,22.44951920902502,1.5121896700954758,1.41,22.4,1.5
1762135478946,2025-11-03 11:04:38.946,AC:23:3F:26:3E:EF,-83,127,1.388147015796469,22.44951920902502,1.5121896700954758,1.41,22.4,1.5
1762135479427,2025-11-03 11:04:39.427,AC:23:3F:26:3E:EF,-71,127,1.388147015796469,22.44951920902502,1.5121896700954758,1.41,22.4,1.5
1762135479663,2025-11-03 11:04:39.663,AC:23:3F:26:3E:EF,-89,127,1.388147015796469,22.44951920902502,1.5121896700954758,1.41,22.4,1.5
1762135479759,2025-11-03 11:04:39.759,AC:23:3F:26:3E:EF,-72,127,1.388147015796469,22.44951920902502,1.5121896700954758,1.41,22.4,1.5
1762135480133,2025-11-03 11:04:40.133,AC:23:3F:26:3E:EF,-83,127,1.388147015796469,22.44951920902502,1.5121896700954758,1.41,22.4,1.5
1762135480379,2025-11-03 11:04:40.379,AC:23:3F:26:3E:EF,-71,127,1.388147015796469,22.44951920902502,1.5121896700954758,1.41,22.4,1.5
1762135480455,2025-11-03 11:04:40.455,AC:23:3F:26:3E:EF,-83,127,1.388147015796469,22.44951920902502,1.5121896700954758,1.41,22.4,1.5
1762135480833,2025-11-03 11:04:40.833,AC:23:3F:26:3E:EF,-90,127,1.388147015796469,22.44951920902502,1.5121896700954758,1.41,22.4,1.5
1762135481086,2025-11-03 11:04:41.086,AC:23:3F:26:3E:EF,-89,127,1.388147015796469,22.44951920902502,1.5121896700954758,1.41,22.4,1.5
1762135481166,2025-11-03 11:04:41.166,AC:23:3F:26:3E:EF,-89,127,1.388147015796469,22.44951920902502,1.5121896700954758,1.41,22.4,1.5
1762135481555,2025-11-03 11:04:41.555,AC:23:3F:26:3E:EF,-71,127,1.388147015796469,22.44951920902502,1.5121896700954758,1.41,22.4,1.5
1762135481795,2025-11-03 11:04:41.795,AC:23:3F:26:3E:EF,-71,127,1.388147015796469,22.44951920902502,1.5121896700954758,1.41,22.4,1.5
1762135481878,2025-11-03 11:04:41.878,AC:23:3F:26:3E:EF,-71,127,1.388147015796469,22.44951920902502,1.5121896700954758,1.41,22.4,1.5
1762135482249,2025-11-03 11:04:42.249,AC:23:3F:26:3E:EF,-82,127,1.388147015796469,22.44951920902502,1.5121896700954758,1.41,22.4,1.5
1762135482543,2025-11-03 11:04:42.543,AC:23:3F:26:3E:EF,-82,127,1.388147015796469,22.44951920902502,1.5121896700954758,1.41,22.4,1.5
1762135482591,2025-11-03 11:04:42.591,AC:23:3F:26:3E:EF,-88,127,1.388147015796469,22.44951920902502,1.5121896700954758,1.41,22.4,1.5
1762135483222,2025-11-03 11:04:43.222,AC:23:3F:26:3E:EF,-89,127,1.388147015796469,22.44951920902502,1.5121896700954758,1.41,22.4,1.5
1762135483292,2025-11-03 11:04:43.292,AC:23:3F:26:3E:EF,-72,127,1.388147015796469,22.44951920902502,1.5121896700954758,1.41,22.4,1.5
1762135483656,2025-11-03 11:04:43.656,AC:23:3F:26:3E:EF,-71,127,1.388147015796469,22.44951920902502,1.5121896700954758,1.41,22.4,1.5
1762135483943,2025-11-03 11:04:43.943,AC:23:3F:26:3E:EF,-71,127,1.388147015796469,22.44951920902502,1.5121896700954758,1.41,22.4,1.5
1762135484010,2025-11-03 11:04:44.010,AC:23:3F:26:3E:EF,-83,127,1.388147015796469,22.44951920902502,1.5121896700954758,1.41,22.4,1.5
1762135484221,2025-11-03 11:04:44.221,AC:23:3F:26:3E:EF,-84,127,1.388147015796469,22.44951920902502,1.5121896700954758,1.41,22.4,1.5
1762135484358,2025-11-03 11:04:44.358,AC:23:3F:26:3E:EF,-82,127,1.388147015796469,22.44951920902502,1.5121896700954758,1.41,22.4,1.5
1762135484655,2025-11-03 11:04:44.655,AC:23:3F:26:3E:EF,-83,127,1.388147015796469,22.44951920902502,1.5121896700954758,1.41,22.4,1.5
1762135484720,2025-11-03 11:04:44.720,AC:23:3F:26:3E:EF,-89,127,1.388147015796469,22.44951920902502,1.5121896700954758,1.41,22.4,1.5
1762135485071,2025-11-03 11:04:45.071,AC:23:3F:26:3E:EF,-89,127,1.388147015796469,22.44951920902502,1.5121896700954758,1.41,22.4,1.5
1762135485358,2025-11-03 11:04:45.358,AC:23:3F:26:3E:EF,-88,127,1.388147015796469,22.44951920902502,1.5121896700954758,1.41,22.4,1.5
1762135485415,2025-11-03 11:04:45.415,AC:23:3F:26:3E:EF,-72,127,1.388147015796469,22.44951920902502,1.5121896700954758,1.41,22.4,1.5
1762135485779,2025-11-03 11:04:45.779,AC:23:3F:26:3E:EF,-72,127,1.388147015796469,22.44951920902502,1.5121896700954758,1.41,22.4,1.5
1762135486084,2025-11-03 11:04:46.084,AC:23:3F:26:3E:EF,-72,127,1.388147015796469,22.44951920902502,1.5121896700954758,1.41,22.4,1.5
1762135486478,2025-11-03 11:04:46.478,AC:23:3F:26:3E:EF,-78,127,1.388147015796469,22.44951920902502,1.5121896700954758,1.41,22.4,1.5
1762135486787,2025-11-03 11:04:46.787,AC:23:3F:26:3E:EF,-86,127,1.388147015796469,22.44951920902502,1.5121896700954758,1.41,22.4,1.5
1762135486829,2025-11-03 11:04:46.829,AC:23:3F:26:3E:EF,-85,127,1.388147015796469,22.44951920902502,1.5121896700954758,1.41,22.4,1.5
1762135487181,2025-11-03 11:04:47.181,AC:23:3F:26:3E:EF,-72,127,1.388147015796469,22.44951920902502,1.5121896700954758,1.41,22.4,1.5
1762135487498,2025-11-03 11:04:47.498,AC:23:3F:26:3E:EF,-72,127,1.388147015796469,22.44951920902502,1.5121896700954758,1.41,22.4,1.5
1762135487548,2025-11-03 11:04:47.548,AC:23:3F:26:3E:EF,-72,127,1.388147015796469,22.44951920902502,1.5121896700954758,1.41,22.4,1.5
1762135487884,2025-11-03 11:04:47.884,AC:23:3F:26:3E:EF,-78,127,1.388147015796469,22.44951920902502,1.5121896700954758,1.41,22.4,1.5
1762135488215,2025-11-03 11:04:48.215,AC:23:3F:26:3E:EF,-79,127,1.388147015796469,22.44951920902502,1.5121896700954758,1.41,22.4,1.5
1762135488258,2025-11-03 11:04:48.258,AC:23:3F:26:3E:EF,-79,127,1.388147015796469,22.44951920902502,1.5121896700954758,1.41,22.4,1.5
1762135488591,2025-11-03 11:04:48.591,AC:23:3F:26:3E:EF,-85,127,1.388147015796469,22.44951920902502,1.5121896700954758,1.41,22.4,1.5
1762135488929,2025-11-03 11:04:48.929,AC:23:3F:26:3E:EF,-85,127,1.388147015796469,22.44951920902502,1.5121896700954758,1.41,22.4,1.5
1762135488956,2025-11-03 11:04:48.956,AC:23:3F:26:3E:EF,-85,127,1.388147015796469,22.44951920902502,1.5121896700954758,1.41,22.4,1.5
1762135489297,2025-11-03 11:04:49.297,AC:23:3F:26:3E:EF,-72,127,1.388147015796469,22.44951920902502,1.5121896700954758,1.41,22.4,1.5
1762135489653,2025-11-03 11:04:49.653,AC:23:3F:26:3E:EF,-72,127,1.388147015796469,22.44951920902502,1.5121896700954758,1.41,22.4,1.5
1762135489664,2025-11-03 11:04:49.664,AC:23:3F:26:3E:EF,-72,127,1.388147015796469,22.44951920902502,1.5121896700954758,1.41,22.4,1.5
1762135490349,2025-11-03 11:04:50.349,AC:23:3F:26:3E:EF,-79,127,1.388147015796469,22.44951920902502,1.5121896700954758,1.41,22.4,1.5
1762135490373,2025-11-03 11:04:50.373,AC:23:3F:26:3E:EF,-78,127,1.388147015796469,22.44951920902502,1.5121896700954758,1.41,22.4,1.5
1762135490711,2025-11-03 11:04:50.711,AC:23:3F:26:3E:EF,-85,127,1.388147015796469,22.44951920902502,1.5121896700954758,1.41,22.4,1.5
1762135491068,2025-11-03 11:04:51.068,AC:23:3F:26:3E:EF,-86,127,1.388147015796469,22.44951920902502,1.5121896700954758,1.41,22.4,1.5
1762135491079,2025-11-03 11:04:51.079,AC:23:3F:26:3E:EF,-72,127,1.388147015796469,22.44951920902502,1.5121896700954758,1.41,22.4,1.5
1762135491419,2025-11-03 11:04:51.419,AC:23:3F:26:3E:EF,-72,127,1.388147015796469,22.44951920902502,1.5121896700954758,1.41,22.4,1.5
1762135491784,2025-11-03 11:04:51.784,AC:23:3F:26:3E:EF,-78,127,1.388147015796469,22.44951920902502,1.5121896700954758,1.41,22.4,1.5
1762135491803,2025-11-03 11:04:51.803,AC:23:3F:26:3E:EF,-79,127,1.388147015796469,22.44951920902502,1.5121896700954758,1.41,22.4,1.5
1762135492113,2025-11-03 11:04:52.113,AC:23:3F:26:3E:EF,-79,127,1.388147015796469,22.44951920902502,1.5121896700954758,1.41,22.4,1.5
1762135492492,2025-11-03 11:04:52.492,AC:23:3F:26:3E:EF,-85,127,1.388147015796469,22.44951920902502,1.5121896700954758,1.41,22.4,1.5
1762135492826,2025-11-03 11:04:52.826,AC:23:3F:26:3E:EF,-85,127,1.388147015796469,22.44951920902502,1.5121896700954758,1.41,22.4,1.5
1762135493206,2025-11-03 11:04:53.206,AC:23:3F:26:3E:EF,-72,127,1.388147015796469,22.44951920902502,1.5121896700954758,1.41,22.4,1.5
1762135493229,2025-11-03 11:04:53.229,AC:23:3F:26:3E:EF,-72,127,1.388147015796469,22.44951920902502,1.5121896700954758,1.41,22.4,1.5
1762135493519,2025-11-03 11:04:53.519,AC:23:3F:26:3E:EF,-72,127,1.388147015796469,22.44951920902502,1.5121896700954758,1.41,22.4,1.5
1762135493912,2025-11-03 11:04:53.912,AC:23:3F:26:3E:EF,-83,127,1.388147015796469,22.44951920902502,1.5121896700954758,1.41,22.4,1.5
1762135493937,2025-11-03 11:04:53.937,AC:23:3F:26:3E:EF,-82,127,1.388147015796469,22.44951920902502,1.5121896700954758,1.41,22.4,1.5
1762135494241,2025-11-03 11:04:54.241,AC:23:3F:26:3E:EF,-82,127,1.388147015796469,22.44951920902502,1.5121896700954758,1.41,22.4,1.5
1762135494616,2025-11-03 11:04:54.616,AC:23:3F:26:3E:EF,-90,127,1.388147015796469,22.44951920902502,1.5121896700954758,1.41,22.4,1.5
1762135494644,2025-11-03 11:04:54.644,AC:23:3F:26:3E:EF,-90,127,1.388147015796469,22.44951920902502,1.5121896700954758,1.41,22.4,1.5
1762135494941,2025-11-03 11:04:54.941,AC:23:3F:26:3E:EF,-90,127,1.388147015796469,22.44951920902502,1.5121896700954758,1.41,22.4,1.5
1762135495329,2025-11-03 11:04:55.329,AC:23:3F:26:3E:EF,-71,127,1.388147015796469,22.44951920902502,1.5121896700954758,1.41,22.4,1.5
1762135495351,2025-11-03 11:04:55.351,AC:23:3F:26:3E:EF,-71,127,1.388147015796469,22.44951920902502,1.5121896700954758,1.41,22.4,1.5
1762135495645,2025-11-03 11:04:55.645,AC:23:3F:26:3E:EF,-71,127,1.388147015796469,22.44951920902502,1.5121896700954758,1.41,22.4,1.5
1762135496056,2025-11-03 11:04:56.056,AC:23:3F:26:3E:EF,-83,127,1.388147015796469,22.44951920902502,1.5121896700954758,1.41,22.4,1.5
1762135496215,2025-11-03 11:04:56.215,AC:23:3F:26:3E:EF,-84,127,1.388147015796469,22.44951920902502,1.5121896700954758,1.41,22.4,1.5
1762135496744,2025-11-03 11:04:56.744,AC:23:3F:26:3E:EF,-86,127,1.388147015796469,22.44951920902502,1.5121896700954758,1.41,22.4,1.5
1762135496774,2025-11-03 11:04:56.774,AC:23:3F:26:3E:EF,-86,127,1.388147015796469,22.44951920902502,1.5121896700954758,1.41,22.4,1.5
1762135497056,2025-11-03 11:04:57.056,AC:23:3F:26:3E:EF,-86,127,1.388147015796469,22.44951920902502,1.5121896700954758,1.41,22.4,1.5
1762135497445,2025-11-03 11:04:57.445,AC:23:3F:26:3E:EF,-72,127,1.388147015796469,22.44951920902502,1.5121896700954758,1.41,22.4,1.5
1762135497480,2025-11-03 11:04:57.480,AC:23:3F:26:3E:EF,-79,127,1.388147015796469,22.44951920902502,1.5121896700954758,1.41,22.4,1.5
1762135497754,2025-11-03 11:04:57.754,AC:23:3F:26:3E:EF,-71,127,1.388147015796469,22.44951920902502,1.5121896700954758,1.41,22.4,1.5
1762135498197,2025-11-03 11:04:58.197,AC:23:3F:26:3E:EF,-86,127,1.388147015796469,22.44951920902502,1.5121896700954758,1.41,22.4,1.5
1762135498471,2025-11-03 11:04:58.471,AC:23:3F:26:3E:EF,-80,127,1.388147015796469,22.44951920902502,1.5121896700954758,1.41,22.4,1.5
1762135498867,2025-11-03 11:04:58.867,AC:23:3F:26:3E:EF,-84,127,1.388147015796469,22.44951920902502,1.5121896700954758,1.41,22.4,1.5
1762135498907,2025-11-03 11:04:58.907,AC:23:3F:26:3E:EF,-72,127,1.388147015796469,22.44951920902502,1.5121896700954758,1.41,22.4,1.5
1762135499173,2025-11-03 11:04:59.173,AC:23:3F:26:3E:EF,-84,127,1.388147015796469,22.44951920902502,1.5121896700954758,1.41,22.4,1.5
1762135499575,2025-11-03 11:04:59.575,AC:23:3F:26:3E:EF,-73,127,1.388147015796469,22.44951920902502,1.5121896700954758,1.41,22.4,1.5
1762135499619,2025-11-03 11:04:59.619,AC:23:3F:26:3E:EF,-78,127,1.388147015796469,22.44951920902502,1.5121896700954758,1.41,22.4,1.5
1762135499874,2025-11-03 11:04:59.874,AC:23:3F:26:3E:EF,-72,127,1.388147015796469,22.44951920902502,1.5121896700954758,1.41,22.4,1.5
1762135500217,2025-11-03 11:05:00.217,AC:23:3F:26:3E:EF,-92,127,1.388147015796469,22.44951920902502,1.5121896700954758,1.41,22.4,1.5
1762135500286,2025-11-03 11:05:00.286,AC:23:3F:26:3E:EF,-84,127,1.388147015796469,22.44951920902502,1.5121896700954758,1.41,22.4,1.5
1762135500338,2025-11-03 11:05:00.338,AC:23:3F:26:3E:EF,-84,127,1.388147015796469,22.44951920902502,1.5121896700954758,1.41,22.4,1.5
1762135500577,2025-11-03 11:05:00.577,AC:23:3F:26:3E:EF,-78,127,1.388147015796469,22.44951920902502,1.5121896700954758,1.41,22.4,1.5
1762135500991,2025-11-03 11:05:00.991,AC:23:3F:26:3E:EF,-72,127,1.388147015796469,22.44951920902502,1.5121896700954758,1.41,22.4,1.5
1762135501045,2025-11-03 11:05:01.045,AC:23:3F:26:3E:EF,-72,127,1.388147015796469,22.44951920902502,1.5121896700954758,1.41,22.4,1.5
1762135501282,2025-11-03 11:05:01.282,AC:23:3F:26:3E:EF,-72,127,1.388147015796469,22.44951920902502,1.5121896700954758,1.41,22.4,1.5
1762135501696,2025-11-03 11:05:01.696,AC:23:3F:26:3E:EF,-78,127,1.388147015796469,22.44951920902502,1.5121896700954758,1.41,22.4,1.5
1762135501989,2025-11-03 11:05:01.989,AC:23:3F:26:3E:EF,-79,127,1.388147015796469,22.44951920902502,1.5121896700954758,1.41,22.4,1.5
1762135502475,2025-11-03 11:05:02.475,AC:23:3F:26:3E:EF,-85,127,1.388147015796469,22.44951920902502,1.5121896700954758,1.41,22.4,1.5
1762135502696,2025-11-03 11:05:02.696,AC:23:3F:26:3E:EF,-85,127,1.388147015796469,22.44951920902502,1.5121896700954758,1.41,22.4,1.5
1762135503183,2025-11-03 11:05:03.183,AC:23:3F:26:3E:EF,-79,127,1.388147015796469,22.44951920902502,1.5121896700954758,1.41,22.4,1.5
1762135503400,2025-11-03 11:05:03.400,AC:23:3F:26:3E:EF,-72,127,1.388147015796469,22.44951920902502,1.5121896700954758,1.41,22.4,1.5
1762135503900,2025-11-03 11:05:03.900,AC:23:3F:26:3E:EF,-84,127,1.388147015796469,22.44951920902502,1.5121896700954758,1.41,22.4,1.5
