point,real_x,real_y,real_z,image_name,marker_id,x,y,z,ransac_threshold,filter_type,is_global_position,marker_count,total_images_processed,successful_images,ransac_population,is_ransac_excluded
p01,1.13,1.4,1.5,,-1,1.2015256923238793,1.3507165571223518,1.519714736575967,0.2,WEIGHTED_MEDIAN,True,20,6.0,6,17.0,
p01,1.13,1.4,1.5,1761792236393.matphoto,30,1.2023229787814644,1.3486800123573472,1.5201123925608526,,,False,1,,6,,False
p01,1.13,1.4,1.5,1761792236393.matphoto,2,1.2015256923238793,1.3507165571223518,1.519714736575967,,,False,1,,6,,False
p01,1.13,1.4,1.5,1761792236393.matphoto,21,1.2074665854026416,1.3292051929591715,1.4910578682781772,,,False,1,,6,,True
p01,1.13,1.4,1.5,1761792241394.matphoto,30,1.170816776465634,1.3038440024379236,1.511551321019749,,,False,1,,6,,False
p01,1.13,1.4,1.5,1761792241394.matphoto,2,1.167638771252856,1.3118735721802084,1.5013339598044315,,,False,1,,6,,False
p01,1.13,1.4,1.5,1761792241394.matphoto,21,1.1666436257007855,1.2852086396379283,1.49288562582657,,,False,1,,6,,True
p01,1.13,1.4,1.5,1761792246419.matphoto,30,1.2137167272966494,1.3592061874550148,1.5215245994773934,,,False,1,,6,,False
p01,1.13,1.4,1.5,1761792246419.matphoto,2,1.2143535430364427,1.3636081666418765,1.5064049114142457,,,False,1,,6,,False
p01,1.13,1.4,1.5,1761792246419.matphoto,21,1.2134943191391343,1.3399390385649086,1.4881054001628673,,,False,1,,6,,True
p01,1.13,1.4,1.5,1761792405858.matphoto,33,0.9844728896763204,1.4421271713101858,1.5655383436457189,,,False,1,,6,,False
p01,1.13,1.4,1.5,1761792405858.matphoto,0,1.045977003585627,1.4565172016651773,1.5350631369290668,,,False,1,,6,,False
p01,1.13,1.4,1.5,1761792405858.matphoto,34,1.0406187869575505,1.5193865603407604,1.5643393001927963,,,False,1,,6,,False
p01,1.13,1.4,1.5,1761792405858.matphoto,25,1.0723039358919064,1.5284449297271865,1.5398236530153937,,,False,1,,6,,False
p01,1.13,1.4,1.5,1761792410889.matphoto,33,1.0386945022916805,1.5485122751902,1.501570575016386,,,False,1,,6,,False
p01,1.13,1.4,1.5,1761792410889.matphoto,0,1.0481630219973446,1.4960396222405836,1.5301472726330432,,,False,1,,6,,False
p01,1.13,1.4,1.5,1761792410889.matphoto,25,1.0915684329150372,1.5755291392040336,1.5437094525702717,,,False,1,,6,,False
p01,1.13,1.4,1.5,1761792415920.matphoto,33,1.007395996069752,1.376553559324103,1.4481682632758048,,,False,1,,6,,False
p01,1.13,1.4,1.5,1761792415920.matphoto,0,1.017120322196806,1.4145846766848158,1.5314053255176283,,,False,1,,6,,False
p01,1.13,1.4,1.5,1761792415920.matphoto,34,1.029102529555487,1.480956637217826,1.5702922638312191,,,False,1,,6,,False
p01,1.13,1.4,1.5,1761792415920.matphoto,25,1.0555921790058482,1.499764645150179,1.5336846253983238,,,False,1,,6,,False
p02,0.51,2.8,1.5,,-1,0.4945756445741096,2.8894978170277192,1.5229673093797498,0.2,WEIGHTED_MEDIAN,True,22,6.0,6,18.0,
p02,0.51,2.8,1.5,1761792849820.matphoto,30,0.6099629598198304,2.7613016807647903,1.564899906991036,,,False,1,,6,,False
p02,0.51,2.8,1.5,1761792849820.matphoto,2,0.5813674389680444,2.77258377953304,1.462256422394403,,,False,1,,6,,False
p02,0.51,2.8,1.5,1761792849820.matphoto,21,0.316846160943682,2.7266328306299883,1.4098329415983224,,,False,1,,6,,True
p02,0.51,2.8,1.5,1761792854820.matphoto,30,0.4969724155015501,2.705796743939959,1.5939325158499134,,,False,1,,6,,False
p02,0.51,2.8,1.5,1761792854820.matphoto,2,0.4098072606837249,2.6974861515123547,1.554975473373437,,,False,1,,6,,True
p02,0.51,2.8,1.5,1761792854820.matphoto,21,0.252143829822622,2.642513297021316,1.5610700617038455,,,False,1,,6,,True
p02,0.51,2.8,1.5,1761792859849.matphoto,30,0.5694881642912485,2.8082021140235103,1.4801852466134977,,,False,1,,6,,False
p02,0.51,2.8,1.5,1761792859849.matphoto,2,0.6381817125648859,2.827330685796299,1.4896231211439503,,,False,1,,6,,False
p02,0.51,2.8,1.5,1761792859849.matphoto,21,0.8888345774493817,2.776372858807889,1.3131921638403157,,,False,1,,6,,True
p02,0.51,2.8,1.5,1761793080950.matphoto,33,0.4458021327203234,2.862305281791799,1.5204916711297158,,,False,1,,6,,False
p02,0.51,2.8,1.5,1761793080950.matphoto,0,0.4527171578018123,2.844152813960866,1.5213485225017027,,,False,1,,6,,False
p02,0.51,2.8,1.5,1761793080950.matphoto,25,0.4829112842849756,2.8894978170277192,1.5229673093797498,,,False,1,,6,,False
p02,0.51,2.8,1.5,1761793085979.matphoto,33,0.4931839185696669,2.926994429341488,1.532554128557589,,,False,1,,6,,False
p02,0.51,2.8,1.5,1761793085979.matphoto,0,0.4945756445741096,2.908918524560551,1.5374728732809635,,,False,1,,6,,False
p02,0.51,2.8,1.5,1761793085979.matphoto,25,0.5298696370221381,2.9510851110325134,1.5312670026825823,,,False,1,,6,,False
p02,0.51,2.8,1.5,1761793085979.matphoto,39,0.4916288728981199,2.8321267064648348,1.504804188575008,,,False,1,,6,,False
p02,0.51,2.8,1.5,1761793085979.matphoto,16,0.5065638067497888,2.688868267300633,1.4815888359692009,,,False,1,,6,,False
p02,0.51,2.8,1.5,1761793091015.matphoto,33,0.4707820112202776,2.902327219255408,1.5276229724638914,,,False,1,,6,,False
p02,0.51,2.8,1.5,1761793091015.matphoto,0,0.4768661073343252,2.8897854407425005,1.5195428929955486,,,False,1,,6,,False
p02,0.51,2.8,1.5,1761793091015.matphoto,25,0.5106345428666152,2.93000865415866,1.5319779714762554,,,False,1,,6,,False
p02,0.51,2.8,1.5,1761793091015.matphoto,39,0.4695586505217988,2.846130002141664,1.4835383394290835,,,False,1,,6,,False
p02,0.51,2.8,1.5,1761793091015.matphoto,16,0.6865421023379381,2.768863795588243,1.4508736253721408,,,False,1,,6,,False
p03,0.19,4.2,1.5,,-1,0.1721949012640622,4.268895194241518,1.5025959647411538,0.2,WEIGHTED_MEDIAN,True,25,6.0,6,19.0,
p03,0.19,4.2,1.5,1761793355352.matphoto,30,0.2198455549453746,4.108169353639203,1.6871365484495542,,,False,1,,6,,False
p03,0.19,4.2,1.5,1761793355352.matphoto,2,0.4574959671541503,4.153718135433382,1.5923948254581242,,,False,1,,6,,True
p03,0.19,4.2,1.5,1761793355352.matphoto,21,0.1791304980362066,4.037699449139133,1.7025482821028874,,,False,1,,6,,False
p03,0.19,4.2,1.5,1761793360381.matphoto,30,0.293427532785966,4.195860529966429,1.459361206952308,,,False,1,,6,,True
p03,0.19,4.2,1.5,1761793360381.matphoto,2,0.3603087224293659,4.210157089326846,1.5493396023917314,,,False,1,,6,,True
p03,0.19,4.2,1.5,1761793360381.matphoto,21,0.1227827908992117,4.116030815453036,1.5761393825999503,,,False,1,,6,,False
p03,0.19,4.2,1.5,1761793365409.matphoto,30,0.1259258740967946,4.05248035279486,1.283662858501472,,,False,1,,6,,True
p03,0.19,4.2,1.5,1761793365409.matphoto,2,0.1548587565342485,4.07996554049491,1.4012834687242637,,,False,1,,6,,False
p03,0.19,4.2,1.5,1761793365409.matphoto,21,0.1845183541364058,3.983096255497768,1.580500173549826,,,False,1,,6,,False
p03,0.19,4.2,1.5,1761793512754.matphoto,39,0.104809095297879,4.203685289722412,1.5210472584234267,,,False,1,,6,,False
p03,0.19,4.2,1.5,1761793512754.matphoto,16,0.0233306732907236,4.148607062180882,1.474671425810104,,,False,1,,6,,False
p03,0.19,4.2,1.5,1761793512754.matphoto,17,0.2935387735832595,4.238786302148733,1.4884680958109813,,,False,1,,6,,True
p03,0.19,4.2,1.5,1761793517784.matphoto,33,0.1669140746631869,4.29054616369924,1.5025959647411538,,,False,1,,6,,False
p03,0.19,4.2,1.5,1761793517784.matphoto,0,0.1721949012640622,4.260799301789883,1.4939779397925204,,,False,1,,6,,False
p03,0.19,4.2,1.5,1761793517784.matphoto,25,0.1997748122206399,4.268895194241518,1.5071787010041144,,,False,1,,6,,False
p03,0.19,4.2,1.5,1761793517784.matphoto,39,0.1340666594762489,4.271462687014807,1.518721262461847,,,False,1,,6,,False
p03,0.19,4.2,1.5,1761793517784.matphoto,16,0.1562430673041193,4.2450345489852825,1.5344018143217526,,,False,1,,6,,False
p03,0.19,4.2,1.5,1761793517784.matphoto,17,0.2283560994242532,4.232668989859031,1.52926893425361,,,False,1,,6,,False
p03,0.19,4.2,1.5,1761793522811.matphoto,33,0.1554178449573471,4.278934771926178,1.498641498701984,,,False,1,,6,,False
p03,0.19,4.2,1.5,1761793522811.matphoto,0,0.1516022249931572,4.261780578646876,1.4905764983091068,,,False,1,,6,,False
p03,0.19,4.2,1.5,1761793522811.matphoto,25,0.1860654053587591,4.270410424339409,1.5094560274594284,,,False,1,,6,,False
p03,0.19,4.2,1.5,1761793522811.matphoto,39,0.1402089882497281,4.269631056320875,1.5143565181601928,,,False,1,,6,,False
p03,0.19,4.2,1.5,1761793522811.matphoto,16,0.090374770088301,4.19546473816028,1.5752183651162746,,,False,1,,6,,False
p03,0.19,4.2,1.5,1761793522811.matphoto,36,0.156349143675609,4.448894773040763,1.4649045795050089,,,False,1,,6,,True
p03,0.19,4.2,1.5,1761793522811.matphoto,17,0.1895895848441857,4.247330543382743,1.524319320381088,,,False,1,,6,,False
p04,0.91,5.6,1.5,,-1,0.8545297644560047,5.599226597101144,1.5071604564590908,0.2,WEIGHTED_MEDIAN,True,20,6.0,6,14.0,
p04,0.91,5.6,1.5,1761873060916.matphoto,30,1.3382131125890089,5.476996988945085,1.5685513229265915,,,False,1,,6,,True
p04,0.91,5.6,1.5,1761873060916.matphoto,2,0.6826814936877987,5.462623371293548,0.307630870797449,,,False,1,,6,,True
p04,0.91,5.6,1.5,1761873060916.matphoto,21,0.5259140232266497,5.436791086436296,1.943277291976436,,,False,1,,6,,True
p04,0.91,5.6,1.5,1761873065944.matphoto,33,1.0282974512990477,5.666159339716653,1.5037884267735433,,,False,1,,6,,False
p04,0.91,5.6,1.5,1761873065944.matphoto,0,1.02836350392993,5.660734093557515,1.5071604564590908,,,False,1,,6,,False
p04,0.91,5.6,1.5,1761873065944.matphoto,25,1.0321903062343696,5.655125514273469,1.4781427367951143,,,False,1,,6,,False
p04,0.91,5.6,1.5,1761873070973.matphoto,30,1.1638303560161296,5.469580265188244,1.2212498019471631,,,False,1,,6,,True
p04,0.91,5.6,1.5,1761873070973.matphoto,2,0.3360576807406382,5.532277672999404,1.3889332435816582,,,False,1,,6,,True
p04,0.91,5.6,1.5,1761873070973.matphoto,21,-0.1490175821183307,5.409450530393794,1.3469351849112958,,,False,1,,6,,True
p04,0.91,5.6,1.5,1761873253061.matphoto,34,0.8403235744285631,5.599226597101144,1.5103746615325009,,,False,1,,6,,False
p04,0.91,5.6,1.5,1761873253061.matphoto,14,0.8317899906150832,5.599159292564044,1.5173159226534896,,,False,1,,6,,False
p04,0.91,5.6,1.5,1761873253061.matphoto,28,0.8325416192435289,5.616016609436698,1.4958314207722048,,,False,1,,6,,False
p04,0.91,5.6,1.5,1761873253061.matphoto,12,0.8497261268199207,5.5868449596776495,1.5312636209871275,,,False,1,,6,,False
p04,0.91,5.6,1.5,1761873253061.matphoto,26,0.8199962693523142,5.623309362222303,1.436782734116553,,,False,1,,6,,False
p04,0.91,5.6,1.5,1761873258061.matphoto,39,0.8441347823090581,5.64593676670532,1.4865804978866404,,,False,1,,6,,False
p04,0.91,5.6,1.5,1761873258061.matphoto,16,0.8814898058240175,5.625414533516273,1.4875469306924185,,,False,1,,6,,False
p04,0.91,5.6,1.5,1761873258061.matphoto,17,0.9145009971506703,5.642580355575873,1.5370192050299003,,,False,1,,6,,False
p04,0.91,5.6,1.5,1761873263063.matphoto,34,0.8545297644560047,5.570331651551723,1.5129316676186535,,,False,1,,6,,False
p04,0.91,5.6,1.5,1761873263063.matphoto,14,0.8507005517112924,5.5693301744443575,1.5174532792191917,,,False,1,,6,,False
p04,0.91,5.6,1.5,1761873263063.matphoto,28,0.848135295336832,5.588818823246385,1.4989114594637911,,,False,1,,6,,False
p05,1.28,7.0,1.5,,-1,1.2636902022835752,6.959591922268688,1.4967378411825147,0.2,WEIGHTED_MEDIAN,True,30,6.0,6,25.0,
p05,1.28,7.0,1.5,1761873721344.matphoto,33,1.385489080121295,6.948541528001354,1.4974187031015602,,,False,1,,6,,False
p05,1.28,7.0,1.5,1761873721344.matphoto,0,1.3712209431884226,6.942956464826082,1.5009919173363668,,,False,1,,6,,False
p05,1.28,7.0,1.5,1761873721344.matphoto,25,1.387139893558833,6.920742355261253,1.4760563685946413,,,False,1,,6,,False
p05,1.28,7.0,1.5,1761873721344.matphoto,30,1.3534553217586702,6.923551633254139,1.7394819460794069,,,False,1,,6,,True
p05,1.28,7.0,1.5,1761873721344.matphoto,2,1.71320733148475,6.87976498568219,1.7550017713936636,,,False,1,,6,,True
p05,1.28,7.0,1.5,1761873721344.matphoto,21,0.5287125357199512,6.914114254181106,2.0352705644175964,,,False,1,,6,,True
p05,1.28,7.0,1.5,1761873726346.matphoto,33,1.378745283660833,6.986316678192274,1.4967378411825147,,,False,1,,6,,False
p05,1.28,7.0,1.5,1761873726346.matphoto,0,1.3746869704723812,6.989447191032424,1.5013909218412966,,,False,1,,6,,False
p05,1.28,7.0,1.5,1761873726346.matphoto,30,1.2191563548266626,6.988496242787317,1.441734489510555,,,False,1,,6,,False
p05,1.28,7.0,1.5,1761873726346.matphoto,25,1.3949444557190338,6.959591922268688,1.4767571068475729,,,False,1,,6,,False
p05,1.28,7.0,1.5,1761873726346.matphoto,2,0.4304688097171317,7.020928203123074,0.8821145055623928,,,False,1,,6,,True
p05,1.28,7.0,1.5,1761873726346.matphoto,21,1.451875830263385,6.903433341459848,1.1241150752134172,,,False,1,,6,,True
p05,1.28,7.0,1.5,1761873731372.matphoto,33,1.3721993195220974,7.027710404636023,1.497263537922756,,,False,1,,6,,False
p05,1.28,7.0,1.5,1761873731372.matphoto,0,1.3582874476901547,7.027144020855127,1.4959364429635782,,,False,1,,6,,False
p05,1.28,7.0,1.5,1761873731372.matphoto,25,1.3788629304097688,7.001073124811302,1.4759132082776307,,,False,1,,6,,False
p05,1.28,7.0,1.5,1761874238076.matphoto,35,1.1673380257441752,7.052314213182285,1.512846775168072,,,False,1,,6,,False
p05,1.28,7.0,1.5,1761874238076.matphoto,39,1.187501086546604,7.038978987205529,1.4802830888657357,,,False,1,,6,,False
p05,1.28,7.0,1.5,1761874238076.matphoto,12,1.20447030089031,7.057920755232146,1.5057225044353482,,,False,1,,6,,False
p05,1.28,7.0,1.5,1761874238076.matphoto,16,1.2279921434493848,7.023393092708398,1.4907925535019817,,,False,1,,6,,False
p05,1.28,7.0,1.5,1761874238076.matphoto,26,1.1627611091504633,7.093093621642799,1.459795029054456,,,False,1,,6,,False
p05,1.28,7.0,1.5,1761874238076.matphoto,17,1.2102326573815056,7.053900541145769,1.4973874074479594,,,False,1,,6,,False
p05,1.28,7.0,1.5,1761874243107.matphoto,35,1.1775430416024273,7.037832458285189,1.5116004009005444,,,False,1,,6,,False
p05,1.28,7.0,1.5,1761874243107.matphoto,39,1.1834882076156985,7.003611529002871,1.492676802722449,,,False,1,,6,,False
p05,1.28,7.0,1.5,1761874243107.matphoto,16,1.2141227621245712,6.989538664707947,1.490833163779028,,,False,1,,6,,False
p05,1.28,7.0,1.5,1761874243107.matphoto,12,1.190894485186632,7.021942757509869,1.5019370186532486,,,False,1,,6,,False
p05,1.28,7.0,1.5,1761874243107.matphoto,17,1.218908858779019,7.0303133255457775,1.497758049830774,,,False,1,,6,,False
p05,1.28,7.0,1.5,1761874243107.matphoto,26,1.1771097642712636,7.05951949848974,1.4685553342880495,,,False,1,,6,,False
p05,1.28,7.0,1.5,1761874248135.matphoto,34,1.2579983231915968,6.904435514618125,1.4852844245591514,,,False,1,,6,,False
p05,1.28,7.0,1.5,1761874248135.matphoto,14,1.2636902022835752,6.909082025383388,1.524607179154083,,,False,1,,6,,False
p05,1.28,7.0,1.5,1761874248135.matphoto,28,1.227580243617325,6.9413402543869775,1.478115321175486,,,False,1,,6,,False
p06,1.58,8.4,1.5,,-1,1.5029357408022015,8.41046235482653,1.4980796908090048,0.2,WEIGHTED_MEDIAN,True,30,6.0,6,20.0,
p06,1.58,8.4,1.5,1761874501646.matphoto,30,1.1512997576162405,8.374158987820415,1.987351480144373,,,False,1,,6,,True
p06,1.58,8.4,1.5,1761874501646.matphoto,2,1.539510632774692,8.313054775848448,2.345007500327092,,,False,1,,6,,True
p06,1.58,8.4,1.5,1761874501646.matphoto,21,1.5935105776922505,8.397723261515658,0.8114646045824279,,,False,1,,6,,True
p06,1.58,8.4,1.5,1761874506677.matphoto,34,1.620087960113234,8.340654988635864,1.483558794968724,,,False,1,,6,,False
p06,1.58,8.4,1.5,1761874506677.matphoto,14,1.6456346606736172,8.344497956161273,1.4941743548711626,,,False,1,,6,,False
p06,1.58,8.4,1.5,1761874506677.matphoto,28,1.5976492238305209,8.325144325517318,1.4936968121541945,,,False,1,,6,,False
p06,1.58,8.4,1.5,1761874506677.matphoto,30,0.3523781213502829,8.305247648996218,2.1102534209515165,,,False,1,,6,,True
p06,1.58,8.4,1.5,1761874506677.matphoto,2,-0.4439791316148367,8.250966079915777,1.0433189534222174,,,False,1,,6,,True
p06,1.58,8.4,1.5,1761874506677.matphoto,21,1.4632517614761371,8.267512039899259,0.1750630771814736,,,False,1,,6,,True
p06,1.58,8.4,1.5,1761874511705.matphoto,34,1.615411212477547,8.32237360242776,1.4822001525612227,,,False,1,,6,,False
p06,1.58,8.4,1.5,1761874511705.matphoto,14,1.6304230157669883,8.317767846637722,1.485852542330025,,,False,1,,6,,False
p06,1.58,8.4,1.5,1761874511705.matphoto,28,1.5829230071654374,8.29631221608665,1.4978257039477012,,,False,1,,6,,False
p06,1.58,8.4,1.5,1761874511705.matphoto,30,1.7247866447970277,8.271884935574787,1.437179537673015,,,False,1,,6,,True
p06,1.58,8.4,1.5,1761874511705.matphoto,2,1.774299675529646,8.303892252463234,1.291649573772022,,,False,1,,6,,True
p06,1.58,8.4,1.5,1761874511705.matphoto,21,-0.061795516958921,8.169862936369906,2.6149065645644085,,,False,1,,6,,True
p06,1.58,8.4,1.5,1761874692962.matphoto,35,1.4617623525837244,8.418146161061905,1.5163440567099062,,,False,1,,6,,False
p06,1.58,8.4,1.5,1761874692962.matphoto,39,1.4869082218549772,8.406498612042117,1.496106901262861,,,False,1,,6,,False
p06,1.58,8.4,1.5,1761874692962.matphoto,16,1.5029357408022015,8.397256501211539,1.506869022398198,,,False,1,,6,,False
p06,1.58,8.4,1.5,1761874692962.matphoto,12,1.482924701790764,8.431730649216115,1.506468298625287,,,False,1,,6,,False
p06,1.58,8.4,1.5,1761874692962.matphoto,17,1.5038051990411287,8.426227229849573,1.4980796908090048,,,False,1,,6,,False
p06,1.58,8.4,1.5,1761874692962.matphoto,26,1.459091505657654,8.452194125846155,1.4588194598890811,,,False,1,,6,,False
p06,1.58,8.4,1.5,1761874692962.matphoto,31,1.4456052734505107,8.591869331351129,1.4312134873812352,,,False,1,,6,,False
p06,1.58,8.4,1.5,1761874697964.matphoto,39,1.4793451463064922,8.40244922263346,1.4497865449490706,,,False,1,,6,,False
p06,1.58,8.4,1.5,1761874697964.matphoto,16,1.497092637845293,8.42735652939697,1.502367859105914,,,False,1,,6,,False
p06,1.58,8.4,1.5,1761874697964.matphoto,17,1.5031432297390883,8.44692187108174,1.499451825550378,,,False,1,,6,,False
p06,1.58,8.4,1.5,1761874697964.matphoto,31,1.4476394628194191,8.488153908619914,1.5373737559052203,,,False,1,,6,,False
p06,1.58,8.4,1.5,1761874702989.matphoto,35,1.4788710838977217,8.41046235482653,1.5092368921543846,,,False,1,,6,,False
p06,1.58,8.4,1.5,1761874702989.matphoto,12,1.5041462134903998,8.417431618077517,1.5010756051713026,,,False,1,,6,,False
p06,1.58,8.4,1.5,1761874702989.matphoto,26,1.4691555567903385,8.432513599746692,1.4710688733352124,,,False,1,,6,,False
p06,1.58,8.4,1.5,1761874702989.matphoto,31,1.4254745030374856,20.749486578721616,1.6236678754749707,,,False,1,,6,,True
p07,0.94,9.8,1.5,,-1,0.9634858029043216,9.891353416630295,1.5184983701071273,0.2,WEIGHTED_MEDIAN,True,29,6.0,6,23.0,
p07,0.94,9.8,1.5,1761875713382.matphoto,34,1.008221195672509,9.750487764747191,1.466355994538628,,,False,1,,6,,False
p07,0.94,9.8,1.5,1761875713382.matphoto,14,1.0549505179236176,9.767944175627296,1.4902217116111889,,,False,1,,6,,False
p07,0.94,9.8,1.5,1761875713382.matphoto,33,1.0651184467434431,9.853348720068048,1.3260903759048197,,,False,1,,6,,False
p07,0.94,9.8,1.5,1761875713382.matphoto,30,1.708481813695658,9.665953113660091,1.388555647956204,,,False,1,,6,,True
p07,0.94,9.8,1.5,1761875713382.matphoto,28,0.988910810126428,9.711390321694411,1.4791952523087606,,,False,1,,6,,False
p07,0.94,9.8,1.5,1761875713382.matphoto,2,2.143774068471708,9.680876117068108,1.0218800106146022,,,False,1,,6,,True
p07,0.94,9.8,1.5,1761875713382.matphoto,25,1.138630467431072,9.71205383441277,1.4659977560804838,,,False,1,,6,,False
p07,0.94,9.8,1.5,1761875718412.matphoto,34,1.0087743699885658,9.779577084518408,1.4734335876412796,,,False,1,,6,,False
p07,0.94,9.8,1.5,1761875718412.matphoto,14,1.0597646036861634,9.785820081596317,1.4872032672751332,,,False,1,,6,,False
p07,0.94,9.8,1.5,1761875718412.matphoto,28,0.99964874427699,9.72934811939408,1.4786622824057056,,,False,1,,6,,False
p07,0.94,9.8,1.5,1761875718412.matphoto,30,1.233871710612242,9.7574487392721,1.3495284911382064,,,False,1,,6,,True
p07,0.94,9.8,1.5,1761875718412.matphoto,2,-0.145324697946456,9.829944289674367,1.144320507692768,,,False,1,,6,,True
p07,0.94,9.8,1.5,1761875718412.matphoto,25,1.1433603533760637,9.77680702280022,1.4457401817167923,,,False,1,,6,,False
p07,0.94,9.8,1.5,1761875723445.matphoto,34,0.9943801539049512,9.724879343379463,1.466958218843479,,,False,1,,6,,False
p07,0.94,9.8,1.5,1761875723445.matphoto,33,1.0257063100834376,9.70252288769815,1.5050598469830188,,,False,1,,6,,False
p07,0.94,9.8,1.5,1761875723445.matphoto,14,1.0176101828166009,9.740684072050746,1.4865691485464074,,,False,1,,6,,False
p07,0.94,9.8,1.5,1761875723445.matphoto,30,0.3378578288075986,9.631645184491289,0.68017225347331,,,False,1,,6,,True
p07,0.94,9.8,1.5,1761875723445.matphoto,0,1.0502119035643034,9.743795247397852,1.489206861810204,,,False,1,,6,,False
p07,0.94,9.8,1.5,1761875723445.matphoto,28,0.9820582425590052,9.699233274112256,1.4773683568747336,,,False,1,,6,,False
p07,0.94,9.8,1.5,1761875723445.matphoto,25,1.0606634626660068,9.695688310922009,1.46319964280464,,,False,1,,6,,False
p07,0.94,9.8,1.5,1761876074712.matphoto,36,0.8219769112205515,9.86367183413757,1.5122955668868587,,,False,1,,6,,True
p07,0.94,9.8,1.5,1761876074712.matphoto,18,0.9085201539281338,9.87229094388888,1.5012512369509117,,,False,1,,6,,False
p07,0.94,9.8,1.5,1761876074712.matphoto,20,0.9020802314145606,9.92914529859074,1.526189306745582,,,False,1,,6,,False
p07,0.94,9.8,1.5,1761876079715.matphoto,39,0.950262013577589,9.891353416630295,1.5184983701071273,,,False,1,,6,,False
p07,0.94,9.8,1.5,1761876079715.matphoto,16,0.9416958394783492,9.914414084629492,1.518788143100833,,,False,1,,6,,False
p07,0.94,9.8,1.5,1761876079715.matphoto,17,0.9634858029043216,9.881644444902076,1.502571132651977,,,False,1,,6,,False
p07,0.94,9.8,1.5,1761876084742.matphoto,39,0.9681469098455426,9.893053712749326,1.5197844316144056,,,False,1,,6,,False
p07,0.94,9.8,1.5,1761876084742.matphoto,16,0.9596669511805104,9.920555900457662,1.524842073621942,,,False,1,,6,,False
p07,0.94,9.8,1.5,1761876084742.matphoto,17,0.9804259164133796,9.88273737470878,1.5059945881944192,,,False,1,,6,,False
p08,0.42,11.2,1.5,,-1,0.4991732918739494,11.180567351105871,1.503177078583982,0.2,WEIGHTED_MEDIAN,True,29,6.0,6,22.0,
p08,0.42,11.2,1.5,1761876358828.matphoto,12,0.4991732918739494,11.180567351105871,1.5066372130994046,,,False,1,,6,,False
p08,0.42,11.2,1.5,1761876358828.matphoto,35,0.5018752837534375,11.177072250001368,1.496467645233502,,,False,1,,6,,False
p08,0.42,11.2,1.5,1761876358828.matphoto,30,-0.2079923397760462,11.037074188514644,2.457018657429841,,,False,1,,6,,True
p08,0.42,11.2,1.5,1761876358828.matphoto,0,0.4052697374267826,11.235162242183549,1.469462966346028,,,False,1,,6,,False
p08,0.42,11.2,1.5,1761876358828.matphoto,2,0.0101885630603714,11.219987954160626,2.603674799753186,,,False,1,,6,,True
p08,0.42,11.2,1.5,1761876363832.matphoto,12,0.4843891872566035,11.137558683172829,1.503177078583982,,,False,1,,6,,False
p08,0.42,11.2,1.5,1761876363832.matphoto,35,0.491285283055676,11.142337577134516,1.480694780466954,,,False,1,,6,,False
p08,0.42,11.2,1.5,1761876363832.matphoto,26,0.4723901779219746,11.116933066829125,1.5010111053525053,,,False,1,,6,,False
p08,0.42,11.2,1.5,1761876363832.matphoto,33,0.5228780072816792,11.1046770675314,1.5095199765589369,,,False,1,,6,,False
p08,0.42,11.2,1.5,1761876363832.matphoto,30,1.4557683952025755,11.022066602698924,2.535476518593237,,,False,1,,6,,True
p08,0.42,11.2,1.5,1761876363832.matphoto,0,0.5506719513248741,11.154353272500266,1.4607790257149134,,,False,1,,6,,False
p08,0.42,11.2,1.5,1761876363832.matphoto,2,2.432723158276485,10.988115889595337,1.1052125816841114,,,False,1,,6,,True
p08,0.42,11.2,1.5,1761876363832.matphoto,25,0.684676417669891,11.024517594396332,1.4633456547306092,,,False,1,,6,,True
p08,0.42,11.2,1.5,1761876368852.matphoto,39,0.5374978055043547,11.207490643170605,1.525318957672213,,,False,1,,6,,False
p08,0.42,11.2,1.5,1761876368852.matphoto,16,0.5375798943284962,11.218228068771358,1.5151297395135654,,,False,1,,6,,False
p08,0.42,11.2,1.5,1761876368852.matphoto,17,0.5397479477381375,11.194344718095008,1.4827640828999429,,,False,1,,6,,False
p08,0.42,11.2,1.5,1761876368852.matphoto,30,-0.4659250294442627,11.10598678159503,1.5473921259936525,,,False,1,,6,,True
p08,0.42,11.2,1.5,1761876368852.matphoto,33,0.6097138065714458,11.19142364339356,1.4777411694956983,,,False,1,,6,,False
p08,0.42,11.2,1.5,1761876368852.matphoto,2,-0.0303893083578958,11.161184489655712,0.3812781550438181,,,False,1,,6,,True
p08,0.42,11.2,1.5,1761876368852.matphoto,0,0.4687137683888258,11.278894006262655,1.465280490725707,,,False,1,,6,,False
p08,0.42,11.2,1.5,1761876583970.matphoto,36,0.3640466472021006,11.278249873174492,1.4880862454019017,,,False,1,,6,,False
p08,0.42,11.2,1.5,1761876583970.matphoto,18,0.3782942768745765,11.26366635391716,1.5098365669346905,,,False,1,,6,,False
p08,0.42,11.2,1.5,1761876583970.matphoto,20,0.4017192804801712,11.30820124196098,1.5000304172644845,,,False,1,,6,,False
p08,0.42,11.2,1.5,1761876589001.matphoto,36,0.3818663651099576,11.30751859842412,1.4964372199953384,,,False,1,,6,,False
p08,0.42,11.2,1.5,1761876589001.matphoto,18,0.3986327988548701,11.2944957826382,1.5074509505273244,,,False,1,,6,,False
p08,0.42,11.2,1.5,1761876589001.matphoto,20,0.4088184304690736,11.32175207024649,1.511013146687939,,,False,1,,6,,False
p08,0.42,11.2,1.5,1761876594040.matphoto,39,0.5151222786497642,11.249543701048664,1.5355844761384037,,,False,1,,6,,False
p08,0.42,11.2,1.5,1761876594040.matphoto,16,0.5172741329680957,11.26238960021332,1.5287141597211722,,,False,1,,6,,False
p08,0.42,11.2,1.5,1761876594040.matphoto,17,0.5092376069558506,11.235843568882457,1.5006323723750388,,,False,1,,6,,False
p09,0.25,12.6,1.5,,-1,0.2827700603669238,12.679184264471193,1.5081682052648515,0.2,WEIGHTED_MEDIAN,True,24,6.0,6,19.0,
p09,0.25,12.6,1.5,1761877221108.matphoto,39,0.373571667780171,12.559582761346736,1.545348358138327,,,False,1,,6,,False
p09,0.25,12.6,1.5,1761877221108.matphoto,16,0.3692056671499359,12.57852418436215,1.536071446838972,,,False,1,,6,,False
p09,0.25,12.6,1.5,1761877221108.matphoto,17,0.4008967004163142,12.543352581727092,1.5002273095344587,,,False,1,,6,,False
p09,0.25,12.6,1.5,1761877221108.matphoto,30,-0.2833039668910575,12.466745286742611,2.0541697889525565,,,False,1,,6,,True
p09,0.25,12.6,1.5,1761877226137.matphoto,30,-0.418501837462512,12.425965098516432,1.3308152585629052,,,False,1,,6,,True
p09,0.25,12.6,1.5,1761877226137.matphoto,0,0.4711150215080664,12.63641979222372,1.4513098030358116,,,False,1,,6,,False
p09,0.25,12.6,1.5,1761877226137.matphoto,2,3.492132774342986,12.26870008319051,0.9628416773776012,,,False,1,,6,,True
p09,0.25,12.6,1.5,1761877231162.matphoto,39,0.3626601172063162,12.606441161340245,1.541143061624056,,,False,1,,6,,False
p09,0.25,12.6,1.5,1761877231162.matphoto,16,0.3735278495386276,12.633014138658984,1.5236558311650952,,,False,1,,6,,False
p09,0.25,12.6,1.5,1761877231162.matphoto,17,0.358592621594749,12.600623896189282,1.506870577096994,,,False,1,,6,,False
p09,0.25,12.6,1.5,1761877231162.matphoto,30,-0.9605692885866648,12.550004719991236,2.2039426290517725,,,False,1,,6,,True
p09,0.25,12.6,1.5,1761877231162.matphoto,33,0.4060104394970851,12.652760043863076,1.4439501521302889,,,False,1,,6,,False
p09,0.25,12.6,1.5,1761877231162.matphoto,2,-1.3899839194658856,12.447464045505225,1.920504266580832,,,False,1,,6,,True
p09,0.25,12.6,1.5,1761877231162.matphoto,0,0.5366385119233184,12.67801598493656,1.471393134577984,,,False,1,,6,,False
p09,0.25,12.6,1.5,1761877608491.matphoto,38,0.2827700603669238,12.65518845931742,1.5256968739613503,,,False,1,,6,,False
p09,0.25,12.6,1.5,1761877608491.matphoto,8,0.2625672401118684,12.58122010188369,1.5055798581722164,,,False,1,,6,,False
p09,0.25,12.6,1.5,1761877613521.matphoto,36,0.2243169041962271,12.69152366980618,1.501093493592392,,,False,1,,6,,False
p09,0.25,12.6,1.5,1761877613521.matphoto,18,0.2229056897238133,12.679184264471193,1.5133592601929564,,,False,1,,6,,False
p09,0.25,12.6,1.5,1761877613521.matphoto,20,0.2538770100630361,12.70022806132539,1.5066526432086345,,,False,1,,6,,False
p09,0.25,12.6,1.5,1761877613521.matphoto,38,0.2869930167046153,12.696957785639103,1.5247558475675504,,,False,1,,6,,False
p09,0.25,12.6,1.5,1761877613521.matphoto,8,0.274269868475717,12.637948773640892,1.5361471146709402,,,False,1,,6,,False
p09,0.25,12.6,1.5,1761877618549.matphoto,36,0.2524060806069828,12.71012202282322,1.5081509920712242,,,False,1,,6,,False
p09,0.25,12.6,1.5,1761877618549.matphoto,18,0.2609998043928399,12.691833839591252,1.5196345061478385,,,False,1,,6,,False
p09,0.25,12.6,1.5,1761877618549.matphoto,20,0.2837796859875399,12.718753598478369,1.5081682052648515,,,False,1,,6,,False
p10,1.28,14.0,1.5,,-1,1.199957261604581,13.963292215257535,1.513400736011465,0.2,WEIGHTED_MEDIAN,True,25,6.0,6,20.0,
p10,1.28,14.0,1.5,1761877881194.matphoto,35,1.3410290430611382,13.962255235691234,1.503632977660045,,,False,1,,6,,False
p10,1.28,14.0,1.5,1761877881194.matphoto,12,1.3095633339786137,13.97320929533003,1.503989151208431,,,False,1,,6,,False
p10,1.28,14.0,1.5,1761877881194.matphoto,26,1.303560067253275,13.906273409835409,1.5330771776032066,,,False,1,,6,,False
p10,1.28,14.0,1.5,1761877881194.matphoto,30,-0.2387752132839614,13.881446984445974,1.2087986550375458,,,False,1,,6,,True
p10,1.28,14.0,1.5,1761877886223.matphoto,35,1.3034796365101249,13.89981421956005,1.4918072057868574,,,False,1,,6,,False
p10,1.28,14.0,1.5,1761877886223.matphoto,12,1.288546720940997,13.923666877822612,1.5169758564384257,,,False,1,,6,,False
p10,1.28,14.0,1.5,1761877886223.matphoto,30,-0.4752289889362218,13.803824467311255,2.7186903518476946,,,False,1,,6,,True
p10,1.28,14.0,1.5,1761877886223.matphoto,26,1.2805086196241746,13.868653568260818,1.5447405650371169,,,False,1,,6,,False
p10,1.28,14.0,1.5,1761877886223.matphoto,2,-1.873010060606917,13.689562589621294,1.272227524235266,,,False,1,,6,,True
p10,1.28,14.0,1.5,1761877891255.matphoto,35,1.3491698468266955,13.993172566456789,1.4854334556839086,,,False,1,,6,,False
p10,1.28,14.0,1.5,1761877891255.matphoto,12,1.3244486421325918,14.009430098746437,1.505653592541989,,,False,1,,6,,False
p10,1.28,14.0,1.5,1761877891255.matphoto,26,1.313640724101646,13.945826918333225,1.5404031230813202,,,False,1,,6,,False
p10,1.28,14.0,1.5,1761877891255.matphoto,30,-1.1784132428438137,13.817238359305176,1.8285123782718984,,,False,1,,6,,True
p10,1.28,14.0,1.5,1761878243211.matphoto,32,1.1981425495654665,14.104629329050134,1.527124739310037,,,False,1,,6,,False
p10,1.28,14.0,1.5,1761878243211.matphoto,5,1.2091118999944002,14.062200412619774,1.527989115453337,,,False,1,,6,,False
p10,1.28,14.0,1.5,1761878243211.matphoto,1,1.143318335206212,14.112032642160724,1.4887178222806,,,False,1,,6,,False
p10,1.28,14.0,1.5,1761878248242.matphoto,31,1.200624490513882,13.96303381084147,1.513400736011465,,,False,1,,6,,False
p10,1.28,14.0,1.5,1761878248242.matphoto,3,1.199957261604581,13.963292215257535,1.5176076418922615,,,False,1,,6,,False
p10,1.28,14.0,1.5,1761878248242.matphoto,24,1.176251385945685,13.97666451282656,1.4991552608947305,,,False,1,,6,,False
p10,1.28,14.0,1.5,1761878248242.matphoto,32,1.2073468816192945,14.005005808657108,1.5329578002017854,,,False,1,,6,,False
p10,1.28,14.0,1.5,1761878248242.matphoto,5,1.0698809740808617,20.31097647565421,0.8124159594859244,,,False,1,,6,,True
p10,1.28,14.0,1.5,1761878248242.matphoto,1,1.1754761779072411,14.018852440212669,1.5057135097473096,,,False,1,,6,,False
p10,1.28,14.0,1.5,1761878253275.matphoto,32,1.197477133636825,14.110059318898935,1.5256572875130752,,,False,1,,6,,False
p10,1.28,14.0,1.5,1761878253275.matphoto,5,1.198552895215624,14.075451075772726,1.5225951080340494,,,False,1,,6,,False
p10,1.28,14.0,1.5,1761878253275.matphoto,1,1.164852925887915,14.122605875560785,1.5029052978787014,,,False,1,,6,,False
p11,1.66,15.4,1.5,,-1,1.6561133428959027,15.356584263794517,1.50918442285819,0.2,WEIGHTED_MEDIAN,True,26,6.0,6,24.0,
p11,1.66,15.4,1.5,1761878991113.matphoto,36,1.7531120012088253,15.356584263794517,1.50918442285819,,,False,1,,6,,False
p11,1.66,15.4,1.5,1761878991113.matphoto,18,1.742494611932608,15.357834720998012,1.5100326449330348,,,False,1,,6,,False
p11,1.66,15.4,1.5,1761878991113.matphoto,35,1.697241579935436,15.380104987045952,1.4818294555351073,,,False,1,,6,,False
p11,1.66,15.4,1.5,1761878991113.matphoto,12,1.6811783487861358,15.414072970519792,1.5065155328619992,,,False,1,,6,,False
p11,1.66,15.4,1.5,1761878991113.matphoto,26,1.5940354341616665,15.366819192479417,1.6063322068121024,,,False,1,,6,,False
p11,1.66,15.4,1.5,1761878996142.matphoto,35,1.8068152802671849,15.368622626095458,1.5128667858517846,,,False,1,,6,,False
p11,1.66,15.4,1.5,1761878996142.matphoto,12,1.652537247961695,15.403883676553368,1.495444197412985,,,False,1,,6,,False
p11,1.66,15.4,1.5,1761878996142.matphoto,30,2.6838558087052555,15.059406250311028,0.0504293590833033,,,False,1,,6,,True
p11,1.66,15.4,1.5,1761878996142.matphoto,26,1.6273802486374005,15.348739462128073,1.5779781814594944,,,False,1,,6,,False
p11,1.66,15.4,1.5,1761878996142.matphoto,2,-3.0567947055550686,14.916813516112182,1.55182933816764,,,False,1,,6,,True
p11,1.66,15.4,1.5,1761879001172.matphoto,31,1.6890016795962377,15.326815198593984,1.506946724066541,,,False,1,,6,,False
p11,1.66,15.4,1.5,1761879001172.matphoto,3,1.7024544439614198,15.316198219796563,1.487106651101319,,,False,1,,6,,False
p11,1.66,15.4,1.5,1761879001172.matphoto,24,1.6479820466874098,15.349008475700671,1.5137399579426143,,,False,1,,6,,False
p11,1.66,15.4,1.5,1761879001172.matphoto,35,1.6624781646122444,15.29943695430849,1.487365819707146,,,False,1,,6,,False
p11,1.66,15.4,1.5,1761879001172.matphoto,12,1.625562040413678,15.345546857404717,1.498883723608306,,,False,1,,6,,False
p11,1.66,15.4,1.5,1761879001172.matphoto,26,1.5859125707651271,15.287605944103852,1.607616910170122,,,False,1,,6,,False
p11,1.66,15.4,1.5,1761879001172.matphoto,14,1.74763330091485,15.444513111010425,1.5995856629733085,,,False,1,,6,,False
p11,1.66,15.4,1.5,1761879422175.matphoto,32,1.5571556852987758,15.45092155613075,1.5198029951888317,,,False,1,,6,,False
p11,1.66,15.4,1.5,1761879422175.matphoto,5,1.5683352567032125,15.426065015095755,1.5095267931159668,,,False,1,,6,,False
p11,1.66,15.4,1.5,1761879422175.matphoto,1,1.5443444506126949,15.466162021193696,1.4946778902896738,,,False,1,,6,,False
p11,1.66,15.4,1.5,1761879427207.matphoto,32,1.5492430730800175,15.463974171672758,1.5149614114578296,,,False,1,,6,,False
p11,1.66,15.4,1.5,1761879427207.matphoto,5,1.5795634319872962,15.443928111107477,1.5052292013239312,,,False,1,,6,,False
p11,1.66,15.4,1.5,1761879427207.matphoto,1,1.5520223172608425,15.479911635913025,1.4962812536872774,,,False,1,,6,,False
p11,1.66,15.4,1.5,1761879432235.matphoto,31,1.6403755156684967,15.307164499276071,1.5142662866127716,,,False,1,,6,,False
p11,1.66,15.4,1.5,1761879432235.matphoto,3,1.6561133428959027,15.295512272915389,1.493405809355106,,,False,1,,6,,False
p11,1.66,15.4,1.5,1761879432235.matphoto,24,1.598324463175437,15.33996839425213,1.5268614234288105,,,False,1,,6,,False
p12,1.38,16.8,1.5,,-1,1.3348341058218278,16.75615150543803,1.5091667422717645,0.2,WEIGHTED_MEDIAN,True,27,6.0,6,23.0,
p12,1.38,16.8,1.5,1762130695224.matphoto,31,1.452787619170034,16.73896571770723,1.5069013755762704,,,False,1,,6,,False
p12,1.38,16.8,1.5,1762130695224.matphoto,36,1.4589183189229304,16.715605040421742,1.5114747705864195,,,False,1,,6,,False
p12,1.38,16.8,1.5,1762130695224.matphoto,3,1.443659607433457,16.753217691382883,1.4770874634100926,,,False,1,,6,,False
p12,1.38,16.8,1.5,1762130695224.matphoto,24,1.4139696910341195,16.71702881475863,1.497628501750811,,,False,1,,6,,False
p12,1.38,16.8,1.5,1762130695224.matphoto,18,1.4228472443918945,16.75615150543803,1.4747937049496842,,,False,1,,6,,False
p12,1.38,16.8,1.5,1762130695224.matphoto,20,1.491065375989738,16.68082830758453,1.487435225386947,,,False,1,,6,,False
p12,1.38,16.8,1.5,1762130695224.matphoto,30,-2.1107012597217487,16.53982418499142,1.7653302260368264,,,False,1,,6,,True
p12,1.38,16.8,1.5,1762130700228.matphoto,31,1.4331228190669694,16.700385260553087,1.502491547877173,,,False,1,,6,,False
p12,1.38,16.8,1.5,1762130700228.matphoto,3,1.4352801423481496,16.724556315802207,1.477910607415886,,,False,1,,6,,False
p12,1.38,16.8,1.5,1762130700228.matphoto,24,1.4050673535672256,16.67760763048655,1.5010095664546994,,,False,1,,6,,False
p12,1.38,16.8,1.5,1762130700228.matphoto,30,3.184875005235793,16.470126215999283,1.1372830269909298,,,False,1,,6,,True
p12,1.38,16.8,1.5,1762130700228.matphoto,12,1.3348341058218278,16.82053326410866,1.479036546678017,,,False,1,,6,,False
p12,1.38,16.8,1.5,1762130700228.matphoto,2,4.465332736886952,16.28562717691696,0.1221653641193127,,,False,1,,6,,True
p12,1.38,16.8,1.5,1762130705248.matphoto,36,1.4642607881614431,16.747719966487388,1.5091667422717645,,,False,1,,6,,False
p12,1.38,16.8,1.5,1762130705248.matphoto,18,1.4540975762637496,16.748183167822923,1.5199029373967676,,,False,1,,6,,False
p12,1.38,16.8,1.5,1762130705248.matphoto,20,1.4923641568212624,16.72485703308563,1.4963934387546374,,,False,1,,6,,False
p12,1.38,16.8,1.5,1762130705248.matphoto,35,1.4050063851973416,16.78659646287856,1.4788046511129804,,,False,1,,6,,False
p12,1.38,16.8,1.5,1762130705248.matphoto,30,2.446014828298809,16.776168404464517,2.754700195548504,,,False,1,,6,,True
p12,1.38,16.8,1.5,1762130880687.matphoto,32,1.2851392113067448,16.766814468933408,1.5167211952846111,,,False,1,,6,,False
p12,1.38,16.8,1.5,1762130880687.matphoto,5,1.295151564946532,16.754013469348497,1.5107525311106804,,,False,1,,6,,False
p12,1.38,16.8,1.5,1762130880687.matphoto,1,1.2824186791873986,16.787168099672684,1.5021215505295251,,,False,1,,6,,False
p12,1.38,16.8,1.5,1762130885688.matphoto,38,1.2859414569920151,16.80366812715664,1.4466223459099,,,False,1,,6,,False
p12,1.38,16.8,1.5,1762130885688.matphoto,8,1.2804196754984036,16.836993159616508,1.510225241078914,,,False,1,,6,,False
p12,1.38,16.8,1.5,1762130885688.matphoto,29,1.3218172094929936,16.866563680832527,1.514249955093814,,,False,1,,6,,False
p12,1.38,16.8,1.5,1762130890718.matphoto,38,1.3483133670386915,16.903764959956717,1.5082688084142764,,,False,1,,6,,False
p12,1.38,16.8,1.5,1762130890718.matphoto,8,1.3145944132580485,16.898602214372573,1.510211724803284,,,False,1,,6,,False
p12,1.38,16.8,1.5,1762130890718.matphoto,29,1.3524191371858472,16.927347016196258,1.5164500115217867,,,False,1,,6,,False
p13,0.645,18.2,1.5,,-1,0.6564435750466353,18.282079665780405,1.5119620341902205,0.2,WEIGHTED_MEDIAN,True,25,6.0,6,19.0,
p13,0.645,18.2,1.5,1762131347226.matphoto,31,0.765689974533958,18.129933835188105,1.4909371421902042,,,False,1,,6,,False
p13,0.645,18.2,1.5,1762131347226.matphoto,36,0.7670460099504717,18.146532282914904,1.5180686870497495,,,False,1,,6,,False
p13,0.645,18.2,1.5,1762131347226.matphoto,18,0.747054254364621,18.150011170365584,1.5339608754124583,,,False,1,,6,,False
p13,0.645,18.2,1.5,1762131347226.matphoto,20,0.7600607825342456,18.09578085975702,1.4900488398684355,,,False,1,,6,,False
p13,0.645,18.2,1.5,1762131347226.matphoto,30,4.3962653569459125,17.815086169696176,1.9346520791688948,,,False,1,,6,,True
p13,0.645,18.2,1.5,1762131352258.matphoto,36,0.7694111207559051,18.15849719671848,1.5248842026235867,,,False,1,,6,,False
p13,0.645,18.2,1.5,1762131352258.matphoto,3,0.7397788885648156,18.157802031133382,1.3948566659614372,,,False,1,,6,,False
p13,0.645,18.2,1.5,1762131352258.matphoto,18,0.7569695467094442,18.174816765248774,1.5378644470526788,,,False,1,,6,,False
p13,0.645,18.2,1.5,1762131352258.matphoto,24,0.7109926801630618,18.120030424815685,1.5042524038145713,,,False,1,,6,,False
p13,0.645,18.2,1.5,1762131352258.matphoto,20,0.8027294297842351,18.109544656151893,1.475460150697584,,,False,1,,6,,False
p13,0.645,18.2,1.5,1762131352258.matphoto,30,0.3071324502509664,17.396963955478565,6.559962128241206,,,False,1,,6,,True
p13,0.645,18.2,1.5,1762131357271.matphoto,36,0.7612982635825747,18.130978294165285,1.5223102895975065,,,False,1,,6,,False
p13,0.645,18.2,1.5,1762131357271.matphoto,18,0.746498327062936,18.139055285200165,1.5321072089548595,,,False,1,,6,,False
p13,0.645,18.2,1.5,1762131357271.matphoto,24,0.6709529219302804,11.633620049725996,1.0193868953004572,,,False,1,,6,,True
p13,0.645,18.2,1.5,1762131357271.matphoto,20,0.7750539571062425,18.097702232589214,1.479537910645483,,,False,1,,6,,False
p13,0.645,18.2,1.5,1762131357271.matphoto,30,3.722985542443087,18.07985643907926,2.22389955933157,,,False,1,,6,,True
p13,0.645,18.2,1.5,1762131853116.matphoto,38,0.6669090684832226,18.29970567752953,1.5051819937880853,,,False,1,,6,,False
p13,0.645,18.2,1.5,1762131853116.matphoto,8,0.6560548065696805,18.30033311525005,1.5113238889550924,,,False,1,,6,,False
p13,0.645,18.2,1.5,1762131853116.matphoto,29,0.6987507734765528,18.28481969868884,1.513416396196793,,,False,1,,6,,False
p13,0.645,18.2,1.5,1762131858156.matphoto,38,0.6193638059270514,18.282079665780405,1.5090741142619206,,,False,1,,6,,False
p13,0.645,18.2,1.5,1762131858156.matphoto,8,0.5989940993361866,18.280549728732503,1.5431390977782915,,,False,1,,6,,False
p13,0.645,18.2,1.5,1762131858156.matphoto,29,0.6564435750466353,18.26673502618724,1.5119620341902205,,,False,1,,6,,False
p13,0.645,18.2,1.5,1762131858156.matphoto,4,0.5050136321291308,18.17020525958945,1.4397862256187317,,,False,1,,6,,True
p13,0.645,18.2,1.5,1762131863177.matphoto,4,0.420905205118675,18.17308096330226,1.467480398153988,,,False,1,,6,,True
p13,0.645,18.2,1.5,1762131863177.matphoto,22,0.8533248393821509,18.33487436762484,1.548870607119072,,,False,1,,6,,False
p14,0.98,19.6,1.5,,-1,1.068496884061671,19.640896465934613,1.5031319751533387,0.2,WEIGHTED_MEDIAN,True,24,6.0,6,16.0,
p14,0.98,19.6,1.5,1762132157435.matphoto,32,1.0516562205538704,19.54949420032045,1.4917543306179115,,,False,1,,6,,False
p14,0.98,19.6,1.5,1762132157435.matphoto,5,1.0521245159623605,19.57249728185789,1.4944501617138592,,,False,1,,6,,False
p14,0.98,19.6,1.5,1762132157435.matphoto,1,1.0236945744929624,19.54331073797076,1.5053005683460006,,,False,1,,6,,False
p14,0.98,19.6,1.5,1762132157435.matphoto,31,1.1025013586732078,19.517419007448915,1.4801445029021283,,,False,1,,6,,False
p14,0.98,19.6,1.5,1762132157435.matphoto,24,0.9884708740985176,19.460560768617697,1.503110164696341,,,False,1,,6,,False
p14,0.98,19.6,1.5,1762132157435.matphoto,30,2.089204059468609,19.53694626829404,3.2144179740715435,,,False,1,,6,,True
p14,0.98,19.6,1.5,1762132162465.matphoto,32,1.0201906681021993,19.496924830664,1.4971461475568426,,,False,1,,6,,False
p14,0.98,19.6,1.5,1762132162465.matphoto,5,0.9409564670727916,15.065708289342911,0.8964003934382919,,,False,1,,6,,True
p14,0.98,19.6,1.5,1762132162465.matphoto,1,1.00716198191453,19.50701717138803,1.5079712805773726,,,False,1,,6,,False
p14,0.98,19.6,1.5,1762132162465.matphoto,31,1.0854230280143513,19.485590199740063,1.4889766699109916,,,False,1,,6,,False
p14,0.98,19.6,1.5,1762132162465.matphoto,30,0.6626295268259146,18.643988098875,6.599219324987803,,,False,1,,6,,True
p14,0.98,19.6,1.5,1762132167465.matphoto,38,1.068496884061671,19.640896465934613,1.5035137792640432,,,False,1,,6,,False
p14,0.98,19.6,1.5,1762132167465.matphoto,8,1.068520995812097,19.65433960822821,1.508480751263986,,,False,1,,6,,False
p14,0.98,19.6,1.5,1762132167465.matphoto,29,1.0700460549545543,19.63205129109637,1.476228233329387,,,False,1,,6,,False
p14,0.98,19.6,1.5,1762132453404.matphoto,37,0.8601138289443147,19.704475610643748,1.438632585339009,,,False,1,,6,,True
p14,0.98,19.6,1.5,1762132453404.matphoto,4,0.8100415904863103,19.544558126294312,1.47580117306869,,,False,1,,6,,True
p14,0.98,19.6,1.5,1762132453404.matphoto,6,0.8856938551181077,19.664891507620283,1.5422269446822838,,,False,1,,6,,False
p14,0.98,19.6,1.5,1762132453404.matphoto,22,0.965531271971296,19.7267488937023,1.5099883383360162,,,False,1,,6,,False
p14,0.98,19.6,1.5,1762132458406.matphoto,37,0.8857406047668632,19.762156821136944,1.4272109683319942,,,False,1,,6,,True
p14,0.98,19.6,1.5,1762132458406.matphoto,4,0.8241023353924761,19.62195332143519,1.5110562064458568,,,False,1,,6,,True
p14,0.98,19.6,1.5,1762132458406.matphoto,22,0.9312466492191052,19.785343798203208,1.5283891458422316,,,False,1,,6,,True
p14,0.98,19.6,1.5,1762132463429.matphoto,38,1.0683364635915364,19.64644911440561,1.5031319751533387,,,False,1,,6,,False
p14,0.98,19.6,1.5,1762132463429.matphoto,8,1.070037772874304,19.658971734438072,1.5116204310750485,,,False,1,,6,,False
p14,0.98,19.6,1.5,1762132463429.matphoto,29,1.064485611422858,19.63690704160226,1.4829021986044024,,,False,1,,6,,False
p15,0.24,21.0,1.5,,-1,0.3186217019795334,21.01346267569594,1.5037234246842648,0.2,WEIGHTED_MEDIAN,True,20,6.0,6,17.0,
p15,0.24,21.0,1.5,1762133267801.matphoto,36,0.3688571607929058,20.91194033119568,1.475382994058559,,,False,1,,6,,False
p15,0.24,21.0,1.5,1762133267801.matphoto,18,0.3638745412781161,20.957546420414964,1.5356346174845632,,,False,1,,6,,False
p15,0.24,21.0,1.5,1762133272833.matphoto,38,0.3478391167624681,20.955345259590885,1.510639079000112,,,False,1,,6,,False
p15,0.24,21.0,1.5,1762133272833.matphoto,8,0.3446275778075016,20.983097583356734,1.5086348798112672,,,False,1,,6,,False
p15,0.24,21.0,1.5,1762133272833.matphoto,29,0.3647258177083174,20.923983965444847,1.4711198452451324,,,False,1,,6,,False
p15,0.24,21.0,1.5,1762133272833.matphoto,36,0.5182135308985418,20.94585513277144,1.4937517026238114,,,False,1,,6,,True
p15,0.24,21.0,1.5,1762133272833.matphoto,18,0.4984322865936255,20.963045225322062,1.4976527227134215,,,False,1,,6,,False
p15,0.24,21.0,1.5,1762133272833.matphoto,30,1.0821930968722944,20.653941971027788,5.668417572368098,,,False,1,,6,,True
p15,0.24,21.0,1.5,1762133277834.matphoto,38,0.3179179959166622,21.01251416443215,1.5037234246842648,,,False,1,,6,,False
p15,0.24,21.0,1.5,1762133277834.matphoto,8,0.3186217019795334,21.04647623533642,1.500162160991852,,,False,1,,6,,False
p15,0.24,21.0,1.5,1762133277834.matphoto,29,0.3454143238917191,20.99512842104006,1.4702071489857227,,,False,1,,6,,False
p15,0.24,21.0,1.5,1762133422838.matphoto,37,0.1451989487904552,21.066420179688333,1.4852745051097551,,,False,1,,6,,False
p15,0.24,21.0,1.5,1762133422838.matphoto,4,0.1464465626021271,20.94475159727249,1.4846697288358646,,,False,1,,6,,False
p15,0.24,21.0,1.5,1762133422838.matphoto,22,0.2185763021095361,21.071979513982928,1.517948420250877,,,False,1,,6,,False
p15,0.24,21.0,1.5,1762133427870.matphoto,37,0.178819638775822,21.11969557997376,1.4870919605683564,,,False,1,,6,,False
p15,0.24,21.0,1.5,1762133427870.matphoto,4,0.393480562623371,25.57125533255783,0.7673366661990928,,,False,1,,6,,True
p15,0.24,21.0,1.5,1762133427870.matphoto,22,0.2370095380949555,21.1461293667528,1.5392121855933767,,,False,1,,6,,False
p15,0.24,21.0,1.5,1762133432898.matphoto,38,0.3047763404318033,21.02642718367887,1.5230875044313228,,,False,1,,6,,False
p15,0.24,21.0,1.5,1762133432898.matphoto,8,0.3198084055218995,21.06765835628345,1.5259347964398595,,,False,1,,6,,False
p15,0.24,21.0,1.5,1762133432898.matphoto,29,0.3220916494441146,21.01346267569594,1.4764726834504087,,,False,1,,6,,False
p16,1.41,22.4,1.5,,-1,1.388147015796469,22.44951920902502,1.5121896700954758,0.2,WEIGHTED_MEDIAN,True,19,6.0,6,18.0,
p16,1.41,22.4,1.5,1762135171930.matphoto,32,1.463950839757444,22.300157906630204,1.4716049837719174,,,False,1,,6,,False
p16,1.41,22.4,1.5,1762135171930.matphoto,5,1.452032814555396,22.36893503145454,1.4823644191731484,,,False,1,,6,,False
p16,1.41,22.4,1.5,1762135171930.matphoto,1,1.3400159720931808,22.28849962899323,1.5358163718286946,,,False,1,,6,,False
p16,1.41,22.4,1.5,1762135176967.matphoto,32,1.4531740728625808,22.24843796550553,1.4761138397952502,,,False,1,,6,,False
p16,1.41,22.4,1.5,1762135176967.matphoto,5,1.4024111364179048,22.300806183745827,1.4832723929860765,,,False,1,,6,,False
p16,1.41,22.4,1.5,1762135176967.matphoto,31,1.461697566791509,22.294807228778268,1.5208952164837175,,,False,1,,6,,False
p16,1.41,22.4,1.5,1762135176967.matphoto,1,1.3397335330022644,22.23751245581292,1.5548511024207212,,,False,1,,6,,False
p16,1.41,22.4,1.5,1762135181991.matphoto,32,1.495281812275144,22.336853589994387,1.4675857733353306,,,False,1,,6,,False
p16,1.41,22.4,1.5,1762135181991.matphoto,5,1.4489588206450263,22.401449175202263,1.4800246276985525,,,False,1,,6,,False
p16,1.41,22.4,1.5,1762135181991.matphoto,31,1.5066282171579863,22.36933775190601,1.4904603907611358,,,False,1,,6,,False
p16,1.41,22.4,1.5,1762135181991.matphoto,1,1.4353581353483091,22.324054443232768,1.5246795817111385,,,False,1,,6,,False
p16,1.41,22.4,1.5,1762135383913.matphoto,37,1.3673471745680152,22.536454385083385,1.4963962323977926,,,False,1,,6,,False
p16,1.41,22.4,1.5,1762135383913.matphoto,4,1.4306056524208928,22.44951920902502,1.5198218916418582,,,False,1,,6,,False
p16,1.41,22.4,1.5,1762135383913.matphoto,22,1.388147015796469,22.54079690365702,1.5115383712455963,,,False,1,,6,,False
p16,1.41,22.4,1.5,1762135388914.matphoto,4,1.3922252403677249,22.413635768186506,1.5265849366804636,,,False,1,,6,,False
p16,1.41,22.4,1.5,1762135388914.matphoto,37,1.3254653348242806,22.507813595877263,1.49524451649361,,,False,1,,6,,False
p16,1.41,22.4,1.5,1762135388914.matphoto,22,1.344442800330648,22.506350012092955,1.5121896700954758,,,False,1,,6,,False
p16,1.41,22.4,1.5,1762135393937.matphoto,6,1.280043677988862,22.404793374492467,1.509509033204594,,,False,1,,6,,False
p16,1.41,22.4,1.5,1762135393937.matphoto,23,1.260780856414627,22.42546267411033,1.3738519762530872,,,False,1,,6,,True
p17,0.63,23.8,1.5,,-1,0.5924343774620271,23.70925741302361,1.4637123134156402,0.2,WEIGHTED_MEDIAN,True,17,6.0,6,16.0,
p17,0.63,23.8,1.5,1762136269532.matphoto,6,0.6017437198637696,23.69611066075324,1.4847820490253691,,,False,1,,6,,False
p17,0.63,23.8,1.5,1762136269532.matphoto,23,0.5924343774620271,23.702124716250584,1.369490626578599,,,False,1,,6,,False
p17,0.63,23.8,1.5,1762136274533.matphoto,6,0.5718895231908483,23.70925741302361,1.4849971668144026,,,False,1,,6,,False
p17,0.63,23.8,1.5,1762136274533.matphoto,23,0.5613907275892447,23.71187765292589,1.3715608189916353,,,False,1,,6,,False
p17,0.63,23.8,1.5,1762136279558.matphoto,38,0.686328644805672,23.6848226892131,1.5198375698370787,,,False,1,,6,,False
p17,0.63,23.8,1.5,1762136279558.matphoto,8,0.7661568741562867,23.79379094993239,1.4995640491402813,,,False,1,,6,,False
p17,0.63,23.8,1.5,1762136279558.matphoto,29,0.8081268112299949,23.68935156317304,1.4832032741242986,,,False,1,,6,,False
p17,0.63,23.8,1.5,1762136432834.matphoto,37,0.7180059628465725,23.88017336481461,1.5060276058182858,,,False,1,,6,,False
p17,0.63,23.8,1.5,1762136432834.matphoto,4,0.7122068327323123,23.763565418525403,1.5026567053864075,,,False,1,,6,,False
p17,0.63,23.8,1.5,1762136432834.matphoto,22,0.7482781663594289,23.92108512181167,1.4637123134156402,,,False,1,,6,,False
p17,0.63,23.8,1.5,1762136437863.matphoto,37,0.6793956711009417,23.91543784879268,1.5051241721249045,,,False,1,,6,,False
p17,0.63,23.8,1.5,1762136437863.matphoto,4,0.6718827708740547,23.795361796247192,1.4990216446652422,,,False,1,,6,,False
p17,0.63,23.8,1.5,1762136437863.matphoto,22,0.7120566149255145,23.94683268525217,1.4593095321678755,,,False,1,,6,,False
p17,0.63,23.8,1.5,1762136442895.matphoto,38,0.7574930655228895,23.725945046340957,1.5066971403896858,,,False,1,,6,,False
p17,0.63,23.8,1.5,1762136442895.matphoto,8,0.8013287721987779,23.79720190915463,1.539762407358631,,,False,1,,6,,False
p17,0.63,23.8,1.5,1762136442895.matphoto,29,0.7382320933542792,23.75997458620555,1.4841411276381375,,,False,1,,6,,False
p17,0.63,23.8,1.5,1762136442895.matphoto,30,-1.1820392239460582,23.863128629584573,3.3661375122350865,,,False,1,,6,,True
p18,0.74,25.2,1.5,,-1,0.8420236289097027,25.118327465931085,1.4974573307759809,0.2,WEIGHTED_MEDIAN,True,17,6.0,6,17.0,
p18,0.74,25.2,1.5,1762136781797.matphoto,6,0.727993625590966,25.01044450012033,1.5469376231587182,,,False,1,,6,,False
p18,0.74,25.2,1.5,1762136781797.matphoto,23,0.7737440478455764,25.05615311133763,1.382001743055691,,,False,1,,6,,False
p18,0.74,25.2,1.5,1762136786824.matphoto,6,0.7619276204321358,25.04865477890416,1.5514711797971923,,,False,1,,6,,False
p18,0.74,25.2,1.5,1762136786824.matphoto,23,0.8042761656905083,25.093936496636164,1.379631351145668,,,False,1,,6,,False
p18,0.74,25.2,1.5,1762136786824.matphoto,38,0.7965048516340896,25.059071320876846,1.5047351091632528,,,False,1,,6,,False
p18,0.74,25.2,1.5,1762136791824.matphoto,6,0.8282580955339389,25.1455876496127,1.4943338096413188,,,False,1,,6,,False
p18,0.74,25.2,1.5,1762136791824.matphoto,23,0.8093261631940075,25.118327465931085,1.38249083885296,,,False,1,,6,,False
p18,0.74,25.2,1.5,1762136951222.matphoto,37,0.8420236289097027,25.232514901703414,1.5154475875990865,,,False,1,,6,,False
p18,0.74,25.2,1.5,1762136951222.matphoto,4,0.8447494169502747,25.11740367861221,1.5177398612088608,,,False,1,,6,,False
p18,0.74,25.2,1.5,1762136951222.matphoto,22,0.8729755292247936,25.19198217554867,1.4967251933069343,,,False,1,,6,,False
p18,0.74,25.2,1.5,1762136956226.matphoto,37,0.8474654047071848,25.204895689222194,1.517825959488698,,,False,1,,6,,False
p18,0.74,25.2,1.5,1762136956226.matphoto,4,0.8433841859616984,25.096652254557327,1.5204074589759002,,,False,1,,6,,False
p18,0.74,25.2,1.5,1762136956226.matphoto,22,0.8768058188038153,25.164289412336387,1.4907567499215122,,,False,1,,6,,False
p18,0.74,25.2,1.5,1762136956226.matphoto,38,0.8503325308705358,25.147305573002857,1.5214739409011382,,,False,1,,6,,False
p18,0.74,25.2,1.5,1762136961253.matphoto,37,0.8498430607372347,25.189358615800383,1.5126874536514798,,,False,1,,6,,False
p18,0.74,25.2,1.5,1762136961253.matphoto,4,0.8505708500914502,25.070060156214065,1.515670230435699,,,False,1,,6,,False
p18,0.74,25.2,1.5,1762136961253.matphoto,22,0.8735365173192875,25.14778436097852,1.4974573307759809,,,False,1,,6,,False
p19,1.16,26.6,1.5,,-1,1.260229545675504,26.466554519618164,1.5095712009854247,0.2,WEIGHTED_MEDIAN,True,30,6.0,6,26.0,
p19,1.16,26.6,1.5,1762137254131.matphoto,37,1.2645439621132055,26.498278271039084,1.5699775554674424,,,False,1,,6,,False
p19,1.16,26.6,1.5,1762137254131.matphoto,6,1.265481188382606,26.55325997649708,1.4813345374516034,,,False,1,,6,,False
p19,1.16,26.6,1.5,1762137254131.matphoto,4,1.3361475328104708,20.33627673993256,0.7072862274924359,,,False,1,,6,,True
p19,1.16,26.6,1.5,1762137254131.matphoto,23,1.2530324225432496,26.48919325440442,1.384900219845085,,,False,1,,6,,False
p19,1.16,26.6,1.5,1762137254131.matphoto,22,1.3043690235163634,26.476302486434328,1.5095712009854247,,,False,1,,6,,False
p19,1.16,26.6,1.5,1762137259162.matphoto,37,1.2524574856085715,26.511104101725216,1.551586316958652,,,False,1,,6,,False
p19,1.16,26.6,1.5,1762137259162.matphoto,4,1.2604574218212727,26.40756150814254,1.5401564166600823,,,False,1,,6,,False
p19,1.16,26.6,1.5,1762137259162.matphoto,6,1.1887766721696496,20.31334866348543,0.749135617491707,,,False,1,,6,,True
p19,1.16,26.6,1.5,1762137259162.matphoto,22,1.298363951525187,26.463071251941,1.5028016728210232,,,False,1,,6,,False
p19,1.16,26.6,1.5,1762137259162.matphoto,23,1.2601215380117357,26.465209362812693,1.3986948635761316,,,False,1,,6,,False
p19,1.16,26.6,1.5,1762137264162.matphoto,37,1.299667001056236,26.46545729506865,1.5937805462012835,,,False,1,,6,,False
p19,1.16,26.6,1.5,1762137264162.matphoto,6,1.281704184926996,26.54528463817735,1.4862408304069763,,,False,1,,6,,False
p19,1.16,26.6,1.5,1762137264162.matphoto,4,1.256429495887535,26.4351429903654,1.5339516505823647,,,False,1,,6,,False
p19,1.16,26.6,1.5,1762137264162.matphoto,23,1.260229545675504,26.48186649163049,1.3863804393595338,,,False,1,,6,,False
p19,1.16,26.6,1.5,1762137264162.matphoto,22,1.2924800208805052,26.462367759859024,1.495848779408838,,,False,1,,6,,False
p19,1.16,26.6,1.5,1762137436015.matphoto,37,1.269389521487006,26.4765761187006,1.5658715746820675,,,False,1,,6,,False
p19,1.16,26.6,1.5,1762137436015.matphoto,6,1.1955493401599828,20.31051708696024,0.7650080240617845,,,False,1,,6,,True
p19,1.16,26.6,1.5,1762137436015.matphoto,4,1.2553521270614527,26.40338013128884,1.5380925119302589,,,False,1,,6,,False
p19,1.16,26.6,1.5,1762137436015.matphoto,22,1.2960963956074791,26.45211750136096,1.4990131350752889,,,False,1,,6,,False
p19,1.16,26.6,1.5,1762137436015.matphoto,23,1.2571497357537118,26.465134502384625,1.3838980616994034,,,False,1,,6,,False
p19,1.16,26.6,1.5,1762137441015.matphoto,37,1.2577497228716017,26.466554519618164,1.5674161668200923,,,False,1,,6,,False
p19,1.16,26.6,1.5,1762137441015.matphoto,4,1.2406445771264194,26.38838806683099,1.536958997524046,,,False,1,,6,,False
p19,1.16,26.6,1.5,1762137441015.matphoto,6,1.251144831158147,26.49053946883189,1.473061186491852,,,False,1,,6,,False
p19,1.16,26.6,1.5,1762137441015.matphoto,22,1.301071819546212,21.1879075350838,1.4594745719357205,,,False,1,,6,,True
p19,1.16,26.6,1.5,1762137441015.matphoto,23,1.2365236885991824,26.44137371736765,1.3879458651814478,,,False,1,,6,,False
p19,1.16,26.6,1.5,1762137446042.matphoto,37,1.2570654939947483,26.53266381424625,1.5466035192733458,,,False,1,,6,,False
p19,1.16,26.6,1.5,1762137446042.matphoto,4,1.257946406167809,26.41565058684316,1.542024681606367,,,False,1,,6,,False
p19,1.16,26.6,1.5,1762137446042.matphoto,6,1.2630053725171693,26.53628346841144,1.4896504467840188,,,False,1,,6,,False
p19,1.16,26.6,1.5,1762137446042.matphoto,22,1.290625297040783,26.47880761663169,1.518841938731395,,,False,1,,6,,False
p19,1.16,26.6,1.5,1762137446042.matphoto,23,1.2440846664356942,26.475340428548925,1.3957198762301457,,,False,1,,6,,False
p20,0.42,28.0,1.5,,-1,0.4940679235269474,27.86709880713097,1.560650040017285,0.2,WEIGHTED_MEDIAN,True,17,6.0,6,16.0,
p20,0.42,28.0,1.5,1762137957924.matphoto,37,0.5079030324137732,27.872868634593903,1.5787689300386476,,,False,1,,6,,False
p20,0.42,28.0,1.5,1762137957924.matphoto,4,0.5126349463786364,27.79650772889278,1.560650040017285,,,False,1,,6,,False
p20,0.42,28.0,1.5,1762137957924.matphoto,22,0.6559031622723681,19.87787728805,1.708588490011602,,,False,1,,6,,True
p20,0.42,28.0,1.5,1762137962952.matphoto,37,0.4513969123107435,27.959742523443797,1.5712423926141117,,,False,1,,6,,False
p20,0.42,28.0,1.5,1762137962952.matphoto,4,0.4913616728665371,27.88461466053618,1.5725952591164618,,,False,1,,6,,False
p20,0.42,28.0,1.5,1762137962952.matphoto,22,0.517690789133489,27.86709880713097,1.488168051952819,,,False,1,,6,,False
p20,0.42,28.0,1.5,1762137967952.matphoto,37,0.4918928547666774,27.940696087363108,1.570360098364116,,,False,1,,6,,False
p20,0.42,28.0,1.5,1762137967952.matphoto,4,0.5279062003945694,27.857063281278272,1.5596746220465856,,,False,1,,6,,False
p20,0.42,28.0,1.5,1762137967952.matphoto,22,0.5486492350349874,27.858930187390055,1.4829593242706691,,,False,1,,6,,False
p20,0.42,28.0,1.5,1762138107036.matphoto,37,0.4846720075521529,27.87122255192052,1.5996655501543569,,,False,1,,6,,False
p20,0.42,28.0,1.5,1762138107036.matphoto,4,0.4353984544642946,27.82630724871345,1.53869043239169,,,False,1,,6,,False
p20,0.42,28.0,1.5,1762138112065.matphoto,37,0.4846074926365586,27.86581702659094,1.578707119184315,,,False,1,,6,,False
p20,0.42,28.0,1.5,1762138112065.matphoto,4,0.420658489468271,27.821703182415384,1.531560321751645,,,False,1,,6,,False
p20,0.42,28.0,1.5,1762138112065.matphoto,22,0.4940679235269474,27.84367730015521,1.4866444901539269,,,False,1,,6,,False
p20,0.42,28.0,1.5,1762138117099.matphoto,37,0.4923768219908837,27.92191611785186,1.5906994217114403,,,False,1,,6,,False
p20,0.42,28.0,1.5,1762138117099.matphoto,4,0.5592983414289718,27.849294633681343,1.541546718907992,,,False,1,,6,,False
p20,0.42,28.0,1.5,1762138117099.matphoto,22,0.5080663372867416,27.885208956618516,1.509352804649832,,,False,1,,6,,False
