timestamp,time,mac_address,rssi,tx_power,pos_x,pos_y,pos_z
1758937780597,2025-09-27 10:49:40.597,68:9E:19:03:95:F1,-71,127,1.0,12.5,1.5
1758937780705,2025-09-27 10:49:40.705,68:9E:19:03:95:F1,-65,127,1.0,12.5,1.5
1758937780917,2025-09-27 10:49:40.917,68:9E:19:03:95:F1,-60,127,1.0,12.5,1.5
1758937781023,2025-09-27 10:49:41.023,68:9E:19:03:95:F1,-65,127,1.0,12.5,1.5
1758937781130,2025-09-27 10:49:41.130,68:9E:19:03:95:F1,-68,127,1.0,12.5,1.5
1758937781230,2025-09-27 10:49:41.230,68:9E:19:03:95:F1,-61,127,1.0,12.5,1.5
1758937781350,2025-09-27 10:49:41.350,68:9E:19:03:95:F1,-64,127,1.0,12.5,1.5
1758937781449,2025-09-27 10:49:41.449,68:9E:19:03:95:F1,-70,127,1.0,12.5,1.5
1758937781546,2025-09-27 10:49:41.546,68:9E:19:03:95:F1,-61,127,1.0,12.5,1.5
1758937781650,2025-09-27 10:49:41.650,68:9E:19:03:95:F1,-63,127,1.0,12.5,1.5
1758937781756,2025-09-27 10:49:41.756,68:9E:19:03:95:F1,-69,127,1.0,12.5,1.5
1758937781865,2025-09-27 10:49:41.865,68:9E:19:03:95:F1,-61,127,1.0,12.5,1.5
1758937781970,2025-09-27 10:49:41.970,68:9E:19:03:95:F1,-63,127,1.0,12.5,1.5
1758937782081,2025-09-27 10:49:42.081,68:9E:19:03:95:F1,-68,127,1.0,12.5,1.5
1758937782181,2025-09-27 10:49:42.181,68:9E:19:03:95:F1,-61,127,1.0,12.5,1.5
1758937782285,2025-09-27 10:49:42.285,68:9E:19:03:95:F1,-63,127,1.0,12.5,1.5
1758937782391,2025-09-27 10:49:42.391,68:9E:19:03:95:F1,-67,127,1.0,12.5,1.5
1758937782497,2025-09-27 10:49:42.497,68:9E:19:03:95:F1,-60,127,1.0,12.5,1.5
1758937782602,2025-09-27 10:49:42.602,68:9E:19:03:95:F1,-62,127,1.0,12.5,1.5
1758937782712,2025-09-27 10:49:42.712,68:9E:19:03:95:F1,-61,127,1.0,12.5,1.5
1758937782811,2025-09-27 10:49:42.811,68:9E:19:03:95:F1,-63,127,1.0,12.5,1.5
1758937782923,2025-09-27 10:49:42.923,68:9E:19:03:95:F1,-68,127,1.0,12.5,1.5
1758937783027,2025-09-27 10:49:43.027,68:9E:19:03:95:F1,-61,127,1.0,12.5,1.5
1758937783125,2025-09-27 10:49:43.125,68:9E:19:03:95:F1,-63,127,1.0,12.5,1.5
1758937783228,2025-09-27 10:49:43.228,68:9E:19:03:95:F1,-69,127,1.0,12.5,1.5
1758937783336,2025-09-27 10:49:43.336,68:9E:19:03:95:F1,-61,127,1.0,12.5,1.5
1758937783441,2025-09-27 10:49:43.441,68:9E:19:03:95:F1,-64,127,1.0,12.5,1.5
1758937783550,2025-09-27 10:49:43.550,68:9E:19:03:95:F1,-69,127,1.0,12.5,1.5
1758937783654,2025-09-27 10:49:43.654,68:9E:19:03:95:F1,-61,127,1.0,12.5,1.5
1758937783766,2025-09-27 10:49:43.766,68:9E:19:03:95:F1,-64,127,1.0,12.5,1.5
1758937783865,2025-09-27 10:49:43.865,68:9E:19:03:95:F1,-68,127,1.0,12.5,1.5
1758937783974,2025-09-27 10:49:43.974,68:9E:19:03:95:F1,-61,127,1.0,12.5,1.5
1758937784076,2025-09-27 10:49:44.076,68:9E:19:03:95:F1,-63,127,1.0,12.5,1.5
1758937784177,2025-09-27 10:49:44.177,68:9E:19:03:95:F1,-68,127,1.0,12.5,1.5
1758937784281,2025-09-27 10:49:44.281,68:9E:19:03:95:F1,-60,127,1.0,12.5,1.5
1758937784377,2025-09-27 10:49:44.377,68:9E:19:03:95:F1,-64,127,1.0,12.5,1.5
1758937784491,2025-09-27 10:49:44.491,68:9E:19:03:95:F1,-67,127,1.0,12.5,1.5
1758937784702,2025-09-27 10:49:44.702,68:9E:19:03:95:F1,-68,127,1.0,12.5,1.5
1758937784804,2025-09-27 10:49:44.804,68:9E:19:03:95:F1,-60,127,1.0,12.5,1.5
1758937784905,2025-09-27 10:49:44.905,68:9E:19:03:95:F1,-64,127,1.0,12.5,1.5
1758937785012,2025-09-27 10:49:45.012,68:9E:19:03:95:F1,-68,127,1.0,12.5,1.5
1758937785128,2025-09-27 10:49:45.128,68:9E:19:03:95:F1,-61,127,1.0,12.5,1.5
1758937785228,2025-09-27 10:49:45.228,68:9E:19:03:95:F1,-64,127,1.0,12.5,1.5
1758937785336,2025-09-27 10:49:45.336,68:9E:19:03:95:F1,-67,127,1.0,12.5,1.5
1758937785441,2025-09-27 10:49:45.441,68:9E:19:03:95:F1,-60,127,1.0,12.5,1.5
1758937785542,2025-09-27 10:49:45.542,68:9E:19:03:95:F1,-64,127,1.0,12.5,1.5
1758937785753,2025-09-27 10:49:45.753,68:9E:19:03:95:F1,-60,127,1.0,12.5,1.5
1758937785854,2025-09-27 10:49:45.854,68:9E:19:03:95:F1,-63,127,1.0,12.5,1.5
1758937785955,2025-09-27 10:49:45.955,68:9E:19:03:95:F1,-68,127,1.0,12.5,1.5
1758937786070,2025-09-27 10:49:46.070,68:9E:19:03:95:F1,-60,127,1.0,12.5,1.5
1758937786166,2025-09-27 10:49:46.166,68:9E:19:03:95:F1,-63,127,1.0,12.5,1.5
1758937786268,2025-09-27 10:49:46.268,68:9E:19:03:95:F1,-69,127,1.0,12.5,1.5
1758937786371,2025-09-27 10:49:46.371,68:9E:19:03:95:F1,-60,127,1.0,12.5,1.5
1758937786484,2025-09-27 10:49:46.484,68:9E:19:03:95:F1,-63,127,1.0,12.5,1.5
1758937786582,2025-09-27 10:49:46.582,68:9E:19:03:95:F1,-68,127,1.0,12.5,1.5
1758937786688,2025-09-27 10:49:46.688,68:9E:19:03:95:F1,-60,127,1.0,12.5,1.5
1758937786793,2025-09-27 10:49:46.793,68:9E:19:03:95:F1,-63,127,1.0,12.5,1.5
1758937786894,2025-09-27 10:49:46.894,68:9E:19:03:95:F1,-68,127,1.0,12.5,1.5
1758937786995,2025-09-27 10:49:46.995,68:9E:19:03:95:F1,-60,127,1.0,12.5,1.5
1758937787100,2025-09-27 10:49:47.100,68:9E:19:03:95:F1,-63,127,1.0,12.5,1.5
1758937787205,2025-09-27 10:49:47.205,68:9E:19:03:95:F1,-60,127,1.0,12.5,1.5
1758937787310,2025-09-27 10:49:47.310,68:9E:19:03:95:F1,-63,127,1.0,12.5,1.5
1758937787404,2025-09-27 10:49:47.404,68:9E:19:03:95:F1,-68,127,1.0,12.5,1.5
1758937787512,2025-09-27 10:49:47.512,68:9E:19:03:95:F1,-60,127,1.0,12.5,1.5
1758937787616,2025-09-27 10:49:47.616,68:9E:19:03:95:F1,-63,127,1.0,12.5,1.5
1758937787725,2025-09-27 10:49:47.725,68:9E:19:03:95:F1,-69,127,1.0,12.5,1.5
1758937787828,2025-09-27 10:49:47.828,68:9E:19:03:95:F1,-60,127,1.0,12.5,1.5
1758937788035,2025-09-27 10:49:48.035,68:9E:19:03:95:F1,-69,127,1.0,12.5,1.5
1758937788141,2025-09-27 10:49:48.141,68:9E:19:03:95:F1,-60,127,1.0,12.5,1.5
1758937788248,2025-09-27 10:49:48.248,68:9E:19:03:95:F1,-63,127,1.0,12.5,1.5
1758937788355,2025-09-27 10:49:48.355,68:9E:19:03:95:F1,-69,127,1.0,12.5,1.5
1758937788462,2025-09-27 10:49:48.462,68:9E:19:03:95:F1,-60,127,1.0,12.5,1.5
1758937788562,2025-09-27 10:49:48.562,68:9E:19:03:95:F1,-63,127,1.0,12.5,1.5
1758937788676,2025-09-27 10:49:48.676,68:9E:19:03:95:F1,-69,127,1.0,12.5,1.5
1758937788785,2025-09-27 10:49:48.785,68:9E:19:03:95:F1,-60,127,1.0,12.5,1.5
1758937788884,2025-09-27 10:49:48.884,68:9E:19:03:95:F1,-63,127,1.0,12.5,1.5
1758937788985,2025-09-27 10:49:48.985,68:9E:19:03:95:F1,-69,127,1.0,12.5,1.5
1758937789086,2025-09-27 10:49:49.086,68:9E:19:03:95:F1,-60,127,1.0,12.5,1.5
1758937789299,2025-09-27 10:49:49.299,68:9E:19:03:95:F1,-69,127,1.0,12.5,1.5
1758937789402,2025-09-27 10:49:49.402,68:9E:19:03:95:F1,-60,127,1.0,12.5,1.5
1758937789510,2025-09-27 10:49:49.510,68:9E:19:03:95:F1,-69,127,1.0,12.5,1.5
1758937789611,2025-09-27 10:49:49.611,68:9E:19:03:95:F1,-60,127,1.0,12.5,1.5
1758937789713,2025-09-27 10:49:49.713,68:9E:19:03:95:F1,-63,127,1.0,12.5,1.5
1758937789824,2025-09-27 10:49:49.824,68:9E:19:03:95:F1,-69,127,1.0,12.5,1.5
1758937789926,2025-09-27 10:49:49.926,68:9E:19:03:95:F1,-60,127,1.0,12.5,1.5
1758937790132,2025-09-27 10:49:50.132,68:9E:19:03:95:F1,-69,127,1.0,12.5,1.5
1758937790243,2025-09-27 10:49:50.243,68:9E:19:03:95:F1,-60,127,1.0,12.5,1.5
1758937790344,2025-09-27 10:49:50.344,68:9E:19:03:95:F1,-64,127,1.0,12.5,1.5
1758937790453,2025-09-27 10:49:50.453,68:9E:19:03:95:F1,-68,127,1.0,12.5,1.5
1758937790660,2025-09-27 10:49:50.660,68:9E:19:03:95:F1,-64,127,1.0,12.5,1.5
1758937790871,2025-09-27 10:49:50.871,68:9E:19:03:95:F1,-60,127,1.0,12.5,1.5
1758937791085,2025-09-27 10:49:51.085,68:9E:19:03:95:F1,-68,127,1.0,12.5,1.5
1758937791197,2025-09-27 10:49:51.197,68:9E:19:03:95:F1,-60,127,1.0,12.5,1.5
1758937791295,2025-09-27 10:49:51.295,68:9E:19:03:95:F1,-64,127,1.0,12.5,1.5
1758937791407,2025-09-27 10:49:51.407,68:9E:19:03:95:F1,-60,127,1.0,12.5,1.5
1758937791505,2025-09-27 10:49:51.505,68:9E:19:03:95:F1,-64,127,1.0,12.5,1.5
1758937791612,2025-09-27 10:49:51.612,68:9E:19:03:95:F1,-69,127,1.0,12.5,1.5
1758937791712,2025-09-27 10:49:51.712,68:9E:19:03:95:F1,-60,127,1.0,12.5,1.5
1758937791820,2025-09-27 10:49:51.820,68:9E:19:03:95:F1,-64,127,1.0,12.5,1.5
1758937791926,2025-09-27 10:49:51.926,68:9E:19:03:95:F1,-69,127,1.0,12.5,1.5
1758937792034,2025-09-27 10:49:52.034,68:9E:19:03:95:F1,-60,127,1.0,12.5,1.5
1758937792134,2025-09-27 10:49:52.134,68:9E:19:03:95:F1,-63,127,1.0,12.5,1.5
1758937792238,2025-09-27 10:49:52.238,68:9E:19:03:95:F1,-68,127,1.0,12.5,1.5
1758937792339,2025-09-27 10:49:52.339,68:9E:19:03:95:F1,-60,127,1.0,12.5,1.5
1758937792445,2025-09-27 10:49:52.445,68:9E:19:03:95:F1,-63,127,1.0,12.5,1.5
1758937792551,2025-09-27 10:49:52.551,68:9E:19:03:95:F1,-69,127,1.0,12.5,1.5
1758937792764,2025-09-27 10:49:52.764,68:9E:19:03:95:F1,-64,127,1.0,12.5,1.5
1758937792869,2025-09-27 10:49:52.869,68:9E:19:03:95:F1,-69,127,1.0,12.5,1.5
1758937793182,2025-09-27 10:49:53.182,68:9E:19:03:95:F1,-69,127,1.0,12.5,1.5
1758937793288,2025-09-27 10:49:53.288,68:9E:19:03:95:F1,-60,127,1.0,12.5,1.5
1758937793386,2025-09-27 10:49:53.386,68:9E:19:03:95:F1,-63,127,1.0,12.5,1.5
1758937793492,2025-09-27 10:49:53.492,68:9E:19:03:95:F1,-69,127,1.0,12.5,1.5
1758937793601,2025-09-27 10:49:53.601,68:9E:19:03:95:F1,-60,127,1.0,12.5,1.5
1758937793703,2025-09-27 10:49:53.703,68:9E:19:03:95:F1,-68,127,1.0,12.5,1.5
1758937793809,2025-09-27 10:49:53.809,68:9E:19:03:95:F1,-60,127,1.0,12.5,1.5
1758937793914,2025-09-27 10:49:53.914,68:9E:19:03:95:F1,-63,127,1.0,12.5,1.5
1758937794013,2025-09-27 10:49:54.013,68:9E:19:03:95:F1,-69,127,1.0,12.5,1.5
1758937794120,2025-09-27 10:49:54.120,68:9E:19:03:95:F1,-60,127,1.0,12.5,1.5
1758937794221,2025-09-27 10:49:54.221,68:9E:19:03:95:F1,-63,127,1.0,12.5,1.5
1758937794323,2025-09-27 10:49:54.323,68:9E:19:03:95:F1,-69,127,1.0,12.5,1.5
1758937794435,2025-09-27 10:49:54.435,68:9E:19:03:95:F1,-60,127,1.0,12.5,1.5
1758937794534,2025-09-27 10:49:54.534,68:9E:19:03:95:F1,-63,127,1.0,12.5,1.5
1758937794749,2025-09-27 10:49:54.749,68:9E:19:03:95:F1,-60,127,1.0,12.5,1.5
1758937794961,2025-09-27 10:49:54.961,68:9E:19:03:95:F1,-68,127,1.0,12.5,1.5
1758937795057,2025-09-27 10:49:55.057,68:9E:19:03:95:F1,-60,127,1.0,12.5,1.5
1758937795161,2025-09-27 10:49:55.161,68:9E:19:03:95:F1,-64,127,1.0,12.5,1.5
1758937795365,2025-09-27 10:49:55.365,68:9E:19:03:95:F1,-60,127,1.0,12.5,1.5
1758937795577,2025-09-27 10:49:55.577,68:9E:19:03:95:F1,-69,127,1.0,12.5,1.5
1758937795790,2025-09-27 10:49:55.790,68:9E:19:03:95:F1,-64,127,1.0,12.5,1.5
1758937796003,2025-09-27 10:49:56.003,68:9E:19:03:95:F1,-60,127,1.0,12.5,1.5
1758937796104,2025-09-27 10:49:56.104,68:9E:19:03:95:F1,-69,127,1.0,12.5,1.5
1758937796216,2025-09-27 10:49:56.216,68:9E:19:03:95:F1,-60,127,1.0,12.5,1.5
1758937796420,2025-09-27 10:49:56.420,68:9E:19:03:95:F1,-69,127,1.0,12.5,1.5
1758937796531,2025-09-27 10:49:56.531,68:9E:19:03:95:F1,-60,127,1.0,12.5,1.5
1758937796633,2025-09-27 10:49:56.633,68:9E:19:03:95:F1,-64,127,1.0,12.5,1.5
1758937796737,2025-09-27 10:49:56.737,68:9E:19:03:95:F1,-69,127,1.0,12.5,1.5
1758937796851,2025-09-27 10:49:56.851,68:9E:19:03:95:F1,-60,127,1.0,12.5,1.5
1758937796954,2025-09-27 10:49:56.954,68:9E:19:03:95:F1,-63,127,1.0,12.5,1.5
1758937797061,2025-09-27 10:49:57.061,68:9E:19:03:95:F1,-69,127,1.0,12.5,1.5
1758937797270,2025-09-27 10:49:57.270,68:9E:19:03:95:F1,-64,127,1.0,12.5,1.5
1758937797491,2025-09-27 10:49:57.491,68:9E:19:03:95:F1,-60,127,1.0,12.5,1.5
1758937797590,2025-09-27 10:49:57.590,68:9E:19:03:95:F1,-64,127,1.0,12.5,1.5
1758937797799,2025-09-27 10:49:57.799,68:9E:19:03:95:F1,-60,127,1.0,12.5,1.5
1758937797900,2025-09-27 10:49:57.900,68:9E:19:03:95:F1,-64,127,1.0,12.5,1.5
1758937798005,2025-09-27 10:49:58.005,68:9E:19:03:95:F1,-61,127,1.0,12.5,1.5
1758937798109,2025-09-27 10:49:58.109,68:9E:19:03:95:F1,-63,127,1.0,12.5,1.5
1758937798218,2025-09-27 10:49:58.218,68:9E:19:03:95:F1,-69,127,1.0,12.5,1.5
1758937798327,2025-09-27 10:49:58.327,68:9E:19:03:95:F1,-60,127,1.0,12.5,1.5
1758937798431,2025-09-27 10:49:58.431,68:9E:19:03:95:F1,-64,127,1.0,12.5,1.5
1758937798643,2025-09-27 10:49:58.643,68:9E:19:03:95:F1,-60,127,1.0,12.5,1.5
1758937798748,2025-09-27 10:49:58.748,68:9E:19:03:95:F1,-64,127,1.0,12.5,1.5
1758937798854,2025-09-27 10:49:58.854,68:9E:19:03:95:F1,-68,127,1.0,12.5,1.5
1758937798959,2025-09-27 10:49:58.959,68:9E:19:03:95:F1,-60,127,1.0,12.5,1.5
1758937799066,2025-09-27 10:49:59.066,68:9E:19:03:95:F1,-63,127,1.0,12.5,1.5
1758937799180,2025-09-27 10:49:59.180,68:9E:19:03:95:F1,-69,127,1.0,12.5,1.5
1758937799274,2025-09-27 10:49:59.274,68:9E:19:03:95:F1,-60,127,1.0,12.5,1.5
1758937799385,2025-09-27 10:49:59.385,68:9E:19:03:95:F1,-64,127,1.0,12.5,1.5
1758937799482,2025-09-27 10:49:59.482,68:9E:19:03:95:F1,-69,127,1.0,12.5,1.5
1758937799594,2025-09-27 10:49:59.594,68:9E:19:03:95:F1,-60,127,1.0,12.5,1.5
1758937799699,2025-09-27 10:49:59.699,68:9E:19:03:95:F1,-64,127,1.0,12.5,1.5
1758937799814,2025-09-27 10:49:59.814,68:9E:19:03:95:F1,-60,127,1.0,12.5,1.5
1758937799909,2025-09-27 10:49:59.909,68:9E:19:03:95:F1,-64,127,1.0,12.5,1.5
1758937800013,2025-09-27 10:50:00.013,68:9E:19:03:95:F1,-69,127,1.0,12.5,1.5
1758937800120,2025-09-27 10:50:00.120,68:9E:19:03:95:F1,-60,127,1.0,12.5,1.5
1758937800221,2025-09-27 10:50:00.221,68:9E:19:03:95:F1,-63,127,1.0,12.5,1.5
1758937800330,2025-09-27 10:50:00.330,68:9E:19:03:95:F1,-69,127,1.0,12.5,1.5
1758937800437,2025-09-27 10:50:00.437,68:9E:19:03:95:F1,-60,127,1.0,12.5,1.5
1758937800644,2025-09-27 10:50:00.644,68:9E:19:03:95:F1,-68,127,1.0,12.5,1.5
1758937800749,2025-09-27 10:50:00.749,68:9E:19:03:95:F1,-60,127,1.0,12.5,1.5
1758937800862,2025-09-27 10:50:00.862,68:9E:19:03:95:F1,-63,127,1.0,12.5,1.5
1758937800957,2025-09-27 10:50:00.957,68:9E:19:03:95:F1,-69,127,1.0,12.5,1.5
1758937801070,2025-09-27 10:50:01.070,68:9E:19:03:95:F1,-60,127,1.0,12.5,1.5
1758937801178,2025-09-27 10:50:01.178,68:9E:19:03:95:F1,-64,127,1.0,12.5,1.5
1758937801286,2025-09-27 10:50:01.286,68:9E:19:03:95:F1,-69,127,1.0,12.5,1.5
1758937801385,2025-09-27 10:50:01.385,68:9E:19:03:95:F1,-60,127,1.0,12.5,1.5
1758937801592,2025-09-27 10:50:01.592,68:9E:19:03:95:F1,-69,127,1.0,12.5,1.5
1758937801696,2025-09-27 10:50:01.696,68:9E:19:03:95:F1,-60,127,1.0,12.5,1.5
1758937801801,2025-09-27 10:50:01.801,68:9E:19:03:95:F1,-64,127,1.0,12.5,1.5
1758937801914,2025-09-27 10:50:01.914,68:9E:19:03:95:F1,-60,127,1.0,12.5,1.5
1758937802010,2025-09-27 10:50:02.010,68:9E:19:03:95:F1,-64,127,1.0,12.5,1.5
1758937802119,2025-09-27 10:50:02.119,68:9E:19:03:95:F1,-69,127,1.0,12.5,1.5
1758937802231,2025-09-27 10:50:02.231,68:9E:19:03:95:F1,-60,127,1.0,12.5,1.5
1758937802337,2025-09-27 10:50:02.337,68:9E:19:03:95:F1,-64,127,1.0,12.5,1.5
1758937802447,2025-09-27 10:50:02.447,68:9E:19:03:95:F1,-69,127,1.0,12.5,1.5
1758937802546,2025-09-27 10:50:02.546,68:9E:19:03:95:F1,-60,127,1.0,12.5,1.5
1758937802650,2025-09-27 10:50:02.650,68:9E:19:03:95:F1,-63,127,1.0,12.5,1.5
1758937802753,2025-09-27 10:50:02.753,68:9E:19:03:95:F1,-69,127,1.0,12.5,1.5
1758937802854,2025-09-27 10:50:02.854,68:9E:19:03:95:F1,-60,127,1.0,12.5,1.5
1758937802960,2025-09-27 10:50:02.960,68:9E:19:03:95:F1,-64,127,1.0,12.5,1.5
1758937803054,2025-09-27 10:50:03.054,68:9E:19:03:95:F1,-69,127,1.0,12.5,1.5
1758937803166,2025-09-27 10:50:03.166,68:9E:19:03:95:F1,-60,127,1.0,12.5,1.5
1758937803267,2025-09-27 10:50:03.267,68:9E:19:03:95:F1,-63,127,1.0,12.5,1.5
1758937803375,2025-09-27 10:50:03.375,68:9E:19:03:95:F1,-69,127,1.0,12.5,1.5
1758937803481,2025-09-27 10:50:03.481,68:9E:19:03:95:F1,-60,127,1.0,12.5,1.5
1758937803583,2025-09-27 10:50:03.583,68:9E:19:03:95:F1,-64,127,1.0,12.5,1.5
1758937803693,2025-09-27 10:50:03.693,68:9E:19:03:95:F1,-69,127,1.0,12.5,1.5
1758937803802,2025-09-27 10:50:03.802,68:9E:19:03:95:F1,-60,127,1.0,12.5,1.5
1758937803910,2025-09-27 10:50:03.910,68:9E:19:03:95:F1,-63,127,1.0,12.5,1.5
1758937804021,2025-09-27 10:50:04.021,68:9E:19:03:95:F1,-60,127,1.0,12.5,1.5
1758937804113,2025-09-27 10:50:04.113,68:9E:19:03:95:F1,-64,127,1.0,12.5,1.5
1758937804222,2025-09-27 10:50:04.222,68:9E:19:03:95:F1,-68,127,1.0,12.5,1.5
1758937804331,2025-09-27 10:50:04.331,68:9E:19:03:95:F1,-60,127,1.0,12.5,1.5
1758937804435,2025-09-27 10:50:04.435,68:9E:19:03:95:F1,-63,127,1.0,12.5,1.5
1758937804545,2025-09-27 10:50:04.545,68:9E:19:03:95:F1,-69,127,1.0,12.5,1.5
1758937804651,2025-09-27 10:50:04.651,68:9E:19:03:95:F1,-60,127,1.0,12.5,1.5
1758937804754,2025-09-27 10:50:04.754,68:9E:19:03:95:F1,-63,127,1.0,12.5,1.5
1758937804969,2025-09-27 10:50:04.969,68:9E:19:03:95:F1,-60,127,1.0,12.5,1.5
1758937805186,2025-09-27 10:50:05.186,68:9E:19:03:95:F1,-69,127,1.0,12.5,1.5
1758937805288,2025-09-27 10:50:05.288,68:9E:19:03:95:F1,-60,127,1.0,12.5,1.5
1758937805393,2025-09-27 10:50:05.393,68:9E:19:03:95:F1,-64,127,1.0,12.5,1.5
1758937805712,2025-09-27 10:50:05.712,68:9E:19:03:95:F1,-69,127,1.0,12.5,1.5
1758937805809,2025-09-27 10:50:05.809,68:9E:19:03:95:F1,-60,127,1.0,12.5,1.5
1758937805911,2025-09-27 10:50:05.911,68:9E:19:03:95:F1,-64,127,1.0,12.5,1.5
1758937806017,2025-09-27 10:50:06.017,68:9E:19:03:95:F1,-69,127,1.0,12.5,1.5
1758937806230,2025-09-27 10:50:06.230,68:9E:19:03:95:F1,-64,127,1.0,12.5,1.5
1758937806339,2025-09-27 10:50:06.339,68:9E:19:03:95:F1,-69,127,1.0,12.5,1.5
1758937806446,2025-09-27 10:50:06.446,68:9E:19:03:95:F1,-60,127,1.0,12.5,1.5
1758937806667,2025-09-27 10:50:06.667,68:9E:19:03:95:F1,-69,127,1.0,12.5,1.5
1758937806771,2025-09-27 10:50:06.771,68:9E:19:03:95:F1,-60,127,1.0,12.5,1.5
1758937806880,2025-09-27 10:50:06.880,68:9E:19:03:95:F1,-64,127,1.0,12.5,1.5
1758937806977,2025-09-27 10:50:06.977,68:9E:19:03:95:F1,-69,127,1.0,12.5,1.5
1758937807084,2025-09-27 10:50:07.084,68:9E:19:03:95:F1,-61,127,1.0,12.5,1.5
1758937807191,2025-09-27 10:50:07.191,68:9E:19:03:95:F1,-64,127,1.0,12.5,1.5
1758937807300,2025-09-27 10:50:07.300,68:9E:19:03:95:F1,-69,127,1.0,12.5,1.5
1758937807498,2025-09-27 10:50:07.498,68:9E:19:03:95:F1,-64,127,1.0,12.5,1.5
1758937807611,2025-09-27 10:50:07.611,68:9E:19:03:95:F1,-60,127,1.0,12.5,1.5
1758937807711,2025-09-27 10:50:07.711,68:9E:19:03:95:F1,-63,127,1.0,12.5,1.5
1758937807822,2025-09-27 10:50:07.822,68:9E:19:03:95:F1,-68,127,1.0,12.5,1.5
1758937807923,2025-09-27 10:50:07.923,68:9E:19:03:95:F1,-60,127,1.0,12.5,1.5
1758937808023,2025-09-27 10:50:08.023,68:9E:19:03:95:F1,-63,127,1.0,12.5,1.5
1758937808133,2025-09-27 10:50:08.133,68:9E:19:03:95:F1,-69,127,1.0,12.5,1.5
1758937808236,2025-09-27 10:50:08.236,68:9E:19:03:95:F1,-60,127,1.0,12.5,1.5
1758937808340,2025-09-27 10:50:08.340,68:9E:19:03:95:F1,-64,127,1.0,12.5,1.5
1758937808448,2025-09-27 10:50:08.448,68:9E:19:03:95:F1,-69,127,1.0,12.5,1.5
1758937808558,2025-09-27 10:50:08.558,68:9E:19:03:95:F1,-60,127,1.0,12.5,1.5
1758937808655,2025-09-27 10:50:08.655,68:9E:19:03:95:F1,-64,127,1.0,12.5,1.5
1758937808758,2025-09-27 10:50:08.758,68:9E:19:03:95:F1,-68,127,1.0,12.5,1.5
1758937808861,2025-09-27 10:50:08.861,68:9E:19:03:95:F1,-60,127,1.0,12.5,1.5
1758937808969,2025-09-27 10:50:08.969,68:9E:19:03:95:F1,-64,127,1.0,12.5,1.5
1758937809064,2025-09-27 10:50:09.064,68:9E:19:03:95:F1,-69,127,1.0,12.5,1.5
1758937809173,2025-09-27 10:50:09.173,68:9E:19:03:95:F1,-60,127,1.0,12.5,1.5
1758937809272,2025-09-27 10:50:09.272,68:9E:19:03:95:F1,-64,127,1.0,12.5,1.5
1758937809374,2025-09-27 10:50:09.374,68:9E:19:03:95:F1,-69,127,1.0,12.5,1.5
1758937809485,2025-09-27 10:50:09.485,68:9E:19:03:95:F1,-60,127,1.0,12.5,1.5
1758937809693,2025-09-27 10:50:09.693,68:9E:19:03:95:F1,-68,127,1.0,12.5,1.5
1758937809801,2025-09-27 10:50:09.801,68:9E:19:03:95:F1,-60,127,1.0,12.5,1.5
1758937809904,2025-09-27 10:50:09.904,68:9E:19:03:95:F1,-69,127,1.0,12.5,1.5
1758937810009,2025-09-27 10:50:10.009,68:9E:19:03:95:F1,-60,127,1.0,12.5,1.5
1758937810110,2025-09-27 10:50:10.110,68:9E:19:03:95:F1,-64,127,1.0,12.5,1.5
1758937810220,2025-09-27 10:50:10.220,68:9E:19:03:95:F1,-69,127,1.0,12.5,1.5
1758937810331,2025-09-27 10:50:10.331,68:9E:19:03:95:F1,-60,127,1.0,12.5,1.5
1758937810434,2025-09-27 10:50:10.434,68:9E:19:03:95:F1,-64,127,1.0,12.5,1.5
1758937810537,2025-09-27 10:50:10.537,68:9E:19:03:95:F1,-69,127,1.0,12.5,1.5
1758937810641,2025-09-27 10:50:10.641,68:9E:19:03:95:F1,-60,127,1.0,12.5,1.5
1758937810740,2025-09-27 10:50:10.740,68:9E:19:03:95:F1,-64,127,1.0,12.5,1.5
1758937810848,2025-09-27 10:50:10.848,68:9E:19:03:95:F1,-69,127,1.0,12.5,1.5
1758937810953,2025-09-27 10:50:10.953,68:9E:19:03:95:F1,-60,127,1.0,12.5,1.5
1758937811054,2025-09-27 10:50:11.054,68:9E:19:03:95:F1,-64,127,1.0,12.5,1.5
1758937811157,2025-09-27 10:50:11.157,68:9E:19:03:95:F1,-69,127,1.0,12.5,1.5
1758937811266,2025-09-27 10:50:11.266,68:9E:19:03:95:F1,-60,127,1.0,12.5,1.5
1758937811370,2025-09-27 10:50:11.370,68:9E:19:03:95:F1,-64,127,1.0,12.5,1.5
1758937811477,2025-09-27 10:50:11.477,68:9E:19:03:95:F1,-69,127,1.0,12.5,1.5
1758937811583,2025-09-27 10:50:11.583,68:9E:19:03:95:F1,-60,127,1.0,12.5,1.5
1758937811807,2025-09-27 10:50:11.807,68:9E:19:03:95:F1,-68,127,1.0,12.5,1.5
1758937811912,2025-09-27 10:50:11.912,68:9E:19:03:95:F1,-60,127,1.0,12.5,1.5
1758937811998,2025-09-27 10:50:11.998,68:9E:19:03:95:F1,-63,127,1.0,12.5,1.5
1758937812108,2025-09-27 10:50:12.108,68:9E:19:03:95:F1,-69,127,1.0,12.5,1.5
1758937812214,2025-09-27 10:50:12.214,68:9E:19:03:95:F1,-64,127,1.0,12.5,1.5
1758937812314,2025-09-27 10:50:12.314,68:9E:19:03:95:F1,-68,127,1.0,12.5,1.5
1758937812417,2025-09-27 10:50:12.417,68:9E:19:03:95:F1,-60,127,1.0,12.5,1.5
1758937812520,2025-09-27 10:50:12.520,68:9E:19:03:95:F1,-63,127,1.0,12.5,1.5
1758937812617,2025-09-27 10:50:12.617,68:9E:19:03:95:F1,-69,127,1.0,12.5,1.5
1758937812725,2025-09-27 10:50:12.725,68:9E:19:03:95:F1,-60,127,1.0,12.5,1.5
1758937812822,2025-09-27 10:50:12.822,68:9E:19:03:95:F1,-63,127,1.0,12.5,1.5
1758937812934,2025-09-27 10:50:12.934,68:9E:19:03:95:F1,-68,127,1.0,12.5,1.5
1758937813038,2025-09-27 10:50:13.038,68:9E:19:03:95:F1,-60,127,1.0,12.5,1.5
1758937813141,2025-09-27 10:50:13.141,68:9E:19:03:95:F1,-64,127,1.0,12.5,1.5
1758937813248,2025-09-27 10:50:13.248,68:9E:19:03:95:F1,-69,127,1.0,12.5,1.5
1758937813352,2025-09-27 10:50:13.352,68:9E:19:03:95:F1,-60,127,1.0,12.5,1.5
1758937813457,2025-09-27 10:50:13.457,68:9E:19:03:95:F1,-63,127,1.0,12.5,1.5
1758937813558,2025-09-27 10:50:13.558,68:9E:19:03:95:F1,-69,127,1.0,12.5,1.5
1758937813665,2025-09-27 10:50:13.665,68:9E:19:03:95:F1,-60,127,1.0,12.5,1.5
1758937813774,2025-09-27 10:50:13.774,68:9E:19:03:95:F1,-64,127,1.0,12.5,1.5
1758937813884,2025-09-27 10:50:13.884,68:9E:19:03:95:F1,-69,127,1.0,12.5,1.5
1758937813981,2025-09-27 10:50:13.981,68:9E:19:03:95:F1,-60,127,1.0,12.5,1.5
1758937814087,2025-09-27 10:50:14.087,68:9E:19:03:95:F1,-63,127,1.0,12.5,1.5
1758937814199,2025-09-27 10:50:14.199,68:9E:19:03:95:F1,-69,127,1.0,12.5,1.5
1758937814298,2025-09-27 10:50:14.298,68:9E:19:03:95:F1,-60,127,1.0,12.5,1.5
1758937814408,2025-09-27 10:50:14.408,68:9E:19:03:95:F1,-69,127,1.0,12.5,1.5
1758937814515,2025-09-27 10:50:14.515,68:9E:19:03:95:F1,-60,127,1.0,12.5,1.5
1758937814609,2025-09-27 10:50:14.609,68:9E:19:03:95:F1,-64,127,1.0,12.5,1.5
1758937814708,2025-09-27 10:50:14.708,68:9E:19:03:95:F1,-69,127,1.0,12.5,1.5
1758937814820,2025-09-27 10:50:14.820,68:9E:19:03:95:F1,-60,127,1.0,12.5,1.5
1758937814926,2025-09-27 10:50:14.926,68:9E:19:03:95:F1,-64,127,1.0,12.5,1.5
1758937815130,2025-09-27 10:50:15.130,68:9E:19:03:95:F1,-60,127,1.0,12.5,1.5
1758937815236,2025-09-27 10:50:15.236,68:9E:19:03:95:F1,-64,127,1.0,12.5,1.5
1758937815340,2025-09-27 10:50:15.340,68:9E:19:03:95:F1,-68,127,1.0,12.5,1.5
1758937815453,2025-09-27 10:50:15.453,68:9E:19:03:95:F1,-60,127,1.0,12.5,1.5
1758937815552,2025-09-27 10:50:15.552,68:9E:19:03:95:F1,-63,127,1.0,12.5,1.5
1758937815655,2025-09-27 10:50:15.655,68:9E:19:03:95:F1,-68,127,1.0,12.5,1.5
1758937815763,2025-09-27 10:50:15.763,68:9E:19:03:95:F1,-60,127,1.0,12.5,1.5
1758937815866,2025-09-27 10:50:15.866,68:9E:19:03:95:F1,-64,127,1.0,12.5,1.5
1758937815968,2025-09-27 10:50:15.968,68:9E:19:03:95:F1,-68,127,1.0,12.5,1.5
1758937816079,2025-09-27 10:50:16.079,68:9E:19:03:95:F1,-60,127,1.0,12.5,1.5
1758937816180,2025-09-27 10:50:16.180,68:9E:19:03:95:F1,-64,127,1.0,12.5,1.5
1758937816286,2025-09-27 10:50:16.286,68:9E:19:03:95:F1,-68,127,1.0,12.5,1.5
1758937816393,2025-09-27 10:50:16.393,68:9E:19:03:95:F1,-60,127,1.0,12.5,1.5
1758937816495,2025-09-27 10:50:16.495,68:9E:19:03:95:F1,-64,127,1.0,12.5,1.5
1758937816599,2025-09-27 10:50:16.599,68:9E:19:03:95:F1,-68,127,1.0,12.5,1.5
1758937816702,2025-09-27 10:50:16.702,68:9E:19:03:95:F1,-60,127,1.0,12.5,1.5
1758937816796,2025-09-27 10:50:16.796,68:9E:19:03:95:F1,-64,127,1.0,12.5,1.5
1758937816904,2025-09-27 10:50:16.904,68:9E:19:03:95:F1,-68,127,1.0,12.5,1.5
1758937817007,2025-09-27 10:50:17.007,68:9E:19:03:95:F1,-64,127,1.0,12.5,1.5
1758937817110,2025-09-27 10:50:17.110,68:9E:19:03:95:F1,-68,127,1.0,12.5,1.5
1758937817218,2025-09-27 10:50:17.218,68:9E:19:03:95:F1,-60,127,1.0,12.5,1.5
1758937817324,2025-09-27 10:50:17.324,68:9E:19:03:95:F1,-64,127,1.0,12.5,1.5
1758937817423,2025-09-27 10:50:17.423,68:9E:19:03:95:F1,-68,127,1.0,12.5,1.5
1758937817532,2025-09-27 10:50:17.532,68:9E:19:03:95:F1,-60,127,1.0,12.5,1.5
1758937817627,2025-09-27 10:50:17.627,68:9E:19:03:95:F1,-64,127,1.0,12.5,1.5
1758937817730,2025-09-27 10:50:17.730,68:9E:19:03:95:F1,-68,127,1.0,12.5,1.5
1758937817830,2025-09-27 10:50:17.830,68:9E:19:03:95:F1,-60,127,1.0,12.5,1.5
1758937817943,2025-09-27 10:50:17.943,68:9E:19:03:95:F1,-64,127,1.0,12.5,1.5
1758937818047,2025-09-27 10:50:18.047,68:9E:19:03:95:F1,-69,127,1.0,12.5,1.5
1758937818159,2025-09-27 10:50:18.159,68:9E:19:03:95:F1,-60,127,1.0,12.5,1.5
1758937818255,2025-09-27 10:50:18.255,68:9E:19:03:95:F1,-64,127,1.0,12.5,1.5
1758937818366,2025-09-27 10:50:18.366,68:9E:19:03:95:F1,-68,127,1.0,12.5,1.5
1758937818465,2025-09-27 10:50:18.465,68:9E:19:03:95:F1,-60,127,1.0,12.5,1.5
1758937818566,2025-09-27 10:50:18.566,68:9E:19:03:95:F1,-64,127,1.0,12.5,1.5
1758937818666,2025-09-27 10:50:18.666,68:9E:19:03:95:F1,-68,127,1.0,12.5,1.5
1758937818773,2025-09-27 10:50:18.773,68:9E:19:03:95:F1,-60,127,1.0,12.5,1.5
1758937818986,2025-09-27 10:50:18.986,68:9E:19:03:95:F1,-68,127,1.0,12.5,1.5
1758937819099,2025-09-27 10:50:19.099,68:9E:19:03:95:F1,-60,127,1.0,12.5,1.5
1758937819203,2025-09-27 10:50:19.203,68:9E:19:03:95:F1,-64,127,1.0,12.5,1.5
1758937819305,2025-09-27 10:50:19.305,68:9E:19:03:95:F1,-60,127,1.0,12.5,1.5
1758937819414,2025-09-27 10:50:19.414,68:9E:19:03:95:F1,-64,127,1.0,12.5,1.5
1758937819519,2025-09-27 10:50:19.519,68:9E:19:03:95:F1,-68,127,1.0,12.5,1.5
1758937819625,2025-09-27 10:50:19.625,68:9E:19:03:95:F1,-60,127,1.0,12.5,1.5
1758937819725,2025-09-27 10:50:19.725,68:9E:19:03:95:F1,-64,127,1.0,12.5,1.5
1758937819826,2025-09-27 10:50:19.826,68:9E:19:03:95:F1,-68,127,1.0,12.5,1.5
1758937819930,2025-09-27 10:50:19.930,68:9E:19:03:95:F1,-60,127,1.0,12.5,1.5
1758937820035,2025-09-27 10:50:20.035,68:9E:19:03:95:F1,-64,127,1.0,12.5,1.5
1758937820145,2025-09-27 10:50:20.145,68:9E:19:03:95:F1,-68,127,1.0,12.5,1.5
1758937820247,2025-09-27 10:50:20.247,68:9E:19:03:95:F1,-60,127,1.0,12.5,1.5
1758937820349,2025-09-27 10:50:20.349,68:9E:19:03:95:F1,-64,127,1.0,12.5,1.5
1758937820457,2025-09-27 10:50:20.457,68:9E:19:03:95:F1,-68,127,1.0,12.5,1.5
1758937820568,2025-09-27 10:50:20.568,68:9E:19:03:95:F1,-60,127,1.0,12.5,1.5
1758937820674,2025-09-27 10:50:20.674,68:9E:19:03:95:F1,-64,127,1.0,12.5,1.5
1758937820776,2025-09-27 10:50:20.776,68:9E:19:03:95:F1,-68,127,1.0,12.5,1.5
1758937820880,2025-09-27 10:50:20.880,68:9E:19:03:95:F1,-60,127,1.0,12.5,1.5
1758937820987,2025-09-27 10:50:20.987,68:9E:19:03:95:F1,-64,127,1.0,12.5,1.5
1758937821089,2025-09-27 10:50:21.089,68:9E:19:03:95:F1,-68,127,1.0,12.5,1.5
1758937821190,2025-09-27 10:50:21.190,68:9E:19:03:95:F1,-60,127,1.0,12.5,1.5
1758937821294,2025-09-27 10:50:21.294,68:9E:19:03:95:F1,-64,127,1.0,12.5,1.5
1758937821397,2025-09-27 10:50:21.397,68:9E:19:03:95:F1,-69,127,1.0,12.5,1.5
1758937821611,2025-09-27 10:50:21.611,68:9E:19:03:95:F1,-68,127,1.0,12.5,1.5
1758937821715,2025-09-27 10:50:21.715,68:9E:19:03:95:F1,-60,127,1.0,12.5,1.5
1758937821824,2025-09-27 10:50:21.824,68:9E:19:03:95:F1,-64,127,1.0,12.5,1.5
1758937821927,2025-09-27 10:50:21.927,68:9E:19:03:95:F1,-69,127,1.0,12.5,1.5
1758937822031,2025-09-27 10:50:22.031,68:9E:19:03:95:F1,-60,127,1.0,12.5,1.5
1758937822132,2025-09-27 10:50:22.132,68:9E:19:03:95:F1,-64,127,1.0,12.5,1.5
1758937822237,2025-09-27 10:50:22.237,68:9E:19:03:95:F1,-68,127,1.0,12.5,1.5
1758937822345,2025-09-27 10:50:22.345,68:9E:19:03:95:F1,-60,127,1.0,12.5,1.5
1758937822451,2025-09-27 10:50:22.451,68:9E:19:03:95:F1,-64,127,1.0,12.5,1.5
1758937822555,2025-09-27 10:50:22.555,68:9E:19:03:95:F1,-68,127,1.0,12.5,1.5
1758937822664,2025-09-27 10:50:22.664,68:9E:19:03:95:F1,-60,127,1.0,12.5,1.5
1758937822879,2025-09-27 10:50:22.879,68:9E:19:03:95:F1,-68,127,1.0,12.5,1.5
1758937822989,2025-09-27 10:50:22.989,68:9E:19:03:95:F1,-60,127,1.0,12.5,1.5
1758937823201,2025-09-27 10:50:23.201,68:9E:19:03:95:F1,-69,127,1.0,12.5,1.5
1758937823305,2025-09-27 10:50:23.305,68:9E:19:03:95:F1,-64,127,1.0,12.5,1.5
1758937823409,2025-09-27 10:50:23.409,68:9E:19:03:95:F1,-68,127,1.0,12.5,1.5
1758937823515,2025-09-27 10:50:23.515,68:9E:19:03:95:F1,-60,127,1.0,12.5,1.5
1758937823620,2025-09-27 10:50:23.620,68:9E:19:03:95:F1,-64,127,1.0,12.5,1.5
1758937823731,2025-09-27 10:50:23.731,68:9E:19:03:95:F1,-69,127,1.0,12.5,1.5
1758937823837,2025-09-27 10:50:23.837,68:9E:19:03:95:F1,-60,127,1.0,12.5,1.5
1758937823935,2025-09-27 10:50:23.935,68:9E:19:03:95:F1,-64,127,1.0,12.5,1.5
1758937824143,2025-09-27 10:50:24.143,68:9E:19:03:95:F1,-60,127,1.0,12.5,1.5
1758937824253,2025-09-27 10:50:24.253,68:9E:19:03:95:F1,-64,127,1.0,12.5,1.5
1758937824466,2025-09-27 10:50:24.466,68:9E:19:03:95:F1,-60,127,1.0,12.5,1.5
1758937824572,2025-09-27 10:50:24.572,68:9E:19:03:95:F1,-64,127,1.0,12.5,1.5
1758937824677,2025-09-27 10:50:24.677,68:9E:19:03:95:F1,-68,127,1.0,12.5,1.5
1758937824781,2025-09-27 10:50:24.781,68:9E:19:03:95:F1,-60,127,1.0,12.5,1.5
1758937824878,2025-09-27 10:50:24.878,68:9E:19:03:95:F1,-64,127,1.0,12.5,1.5
1758937825097,2025-09-27 10:50:25.097,68:9E:19:03:95:F1,-60,127,1.0,12.5,1.5
1758937825199,2025-09-27 10:50:25.199,68:9E:19:03:95:F1,-64,127,1.0,12.5,1.5
1758937825307,2025-09-27 10:50:25.307,68:9E:19:03:95:F1,-60,127,1.0,12.5,1.5
1758937825412,2025-09-27 10:50:25.412,68:9E:19:03:95:F1,-64,127,1.0,12.5,1.5
1758937825516,2025-09-27 10:50:25.516,68:9E:19:03:95:F1,-68,127,1.0,12.5,1.5
1758937825618,2025-09-27 10:50:25.618,68:9E:19:03:95:F1,-60,127,1.0,12.5,1.5
1758937825720,2025-09-27 10:50:25.720,68:9E:19:03:95:F1,-64,127,1.0,12.5,1.5
1758937825824,2025-09-27 10:50:25.824,68:9E:19:03:95:F1,-68,127,1.0,12.5,1.5
1758937825930,2025-09-27 10:50:25.930,68:9E:19:03:95:F1,-60,127,1.0,12.5,1.5
1758937826033,2025-09-27 10:50:26.033,68:9E:19:03:95:F1,-64,127,1.0,12.5,1.5
1758937826137,2025-09-27 10:50:26.137,68:9E:19:03:95:F1,-69,127,1.0,12.5,1.5
1758937826240,2025-09-27 10:50:26.240,68:9E:19:03:95:F1,-60,127,1.0,12.5,1.5
1758937826348,2025-09-27 10:50:26.348,68:9E:19:03:95:F1,-64,127,1.0,12.5,1.5
1758937826452,2025-09-27 10:50:26.452,68:9E:19:03:95:F1,-69,127,1.0,12.5,1.5
1758937826560,2025-09-27 10:50:26.560,68:9E:19:03:95:F1,-60,127,1.0,12.5,1.5
1758937826653,2025-09-27 10:50:26.653,68:9E:19:03:95:F1,-64,127,1.0,12.5,1.5
1758937826758,2025-09-27 10:50:26.758,68:9E:19:03:95:F1,-68,127,1.0,12.5,1.5
1758937827063,2025-09-27 10:50:27.063,68:9E:19:03:95:F1,-69,127,1.0,12.5,1.5
1758937827173,2025-09-27 10:50:27.173,68:9E:19:03:95:F1,-60,127,1.0,12.5,1.5
1758937827271,2025-09-27 10:50:27.271,68:9E:19:03:95:F1,-64,127,1.0,12.5,1.5
1758937827377,2025-09-27 10:50:27.377,68:9E:19:03:95:F1,-69,127,1.0,12.5,1.5
1758937827479,2025-09-27 10:50:27.479,68:9E:19:03:95:F1,-60,127,1.0,12.5,1.5
1758937827574,2025-09-27 10:50:27.574,68:9E:19:03:95:F1,-64,127,1.0,12.5,1.5
1758937827677,2025-09-27 10:50:27.677,68:9E:19:03:95:F1,-68,127,1.0,12.5,1.5
1758937827780,2025-09-27 10:50:27.780,68:9E:19:03:95:F1,-60,127,1.0,12.5,1.5
1758937827995,2025-09-27 10:50:27.995,68:9E:19:03:95:F1,-69,127,1.0,12.5,1.5
1758937828101,2025-09-27 10:50:28.101,68:9E:19:03:95:F1,-60,127,1.0,12.5,1.5
1758937828207,2025-09-27 10:50:28.207,68:9E:19:03:95:F1,-68,127,1.0,12.5,1.5
1758937828316,2025-09-27 10:50:28.316,68:9E:19:03:95:F1,-60,127,1.0,12.5,1.5
1758937828424,2025-09-27 10:50:28.424,68:9E:19:03:95:F1,-64,127,1.0,12.5,1.5
1758937828527,2025-09-27 10:50:28.527,68:9E:19:03:95:F1,-68,127,1.0,12.5,1.5
1758937828631,2025-09-27 10:50:28.631,68:9E:19:03:95:F1,-60,127,1.0,12.5,1.5
1758937828728,2025-09-27 10:50:28.728,68:9E:19:03:95:F1,-64,127,1.0,12.5,1.5
1758937828839,2025-09-27 10:50:28.839,68:9E:19:03:95:F1,-69,127,1.0,12.5,1.5
1758937828943,2025-09-27 10:50:28.943,68:9E:19:03:95:F1,-60,127,1.0,12.5,1.5
1758937829050,2025-09-27 10:50:29.050,68:9E:19:03:95:F1,-64,127,1.0,12.5,1.5
1758937829257,2025-09-27 10:50:29.257,68:9E:19:03:95:F1,-60,127,1.0,12.5,1.5
1758937829370,2025-09-27 10:50:29.370,68:9E:19:03:95:F1,-64,127,1.0,12.5,1.5
1758937829474,2025-09-27 10:50:29.474,68:9E:19:03:95:F1,-69,127,1.0,12.5,1.5
1758937829579,2025-09-27 10:50:29.579,68:9E:19:03:95:F1,-60,127,1.0,12.5,1.5
1758937829681,2025-09-27 10:50:29.681,68:9E:19:03:95:F1,-64,127,1.0,12.5,1.5
1758937829789,2025-09-27 10:50:29.789,68:9E:19:03:95:F1,-68,127,1.0,12.5,1.5
1758937829891,2025-09-27 10:50:29.891,68:9E:19:03:95:F1,-60,127,1.0,12.5,1.5
1758937829990,2025-09-27 10:50:29.990,68:9E:19:03:95:F1,-64,127,1.0,12.5,1.5
1758937830100,2025-09-27 10:50:30.100,68:9E:19:03:95:F1,-68,127,1.0,12.5,1.5
1758937830199,2025-09-27 10:50:30.199,68:9E:19:03:95:F1,-60,127,1.0,12.5,1.5
1758937830301,2025-09-27 10:50:30.301,68:9E:19:03:95:F1,-64,127,1.0,12.5,1.5
1758937830412,2025-09-27 10:50:30.412,68:9E:19:03:95:F1,-60,127,1.0,12.5,1.5
1758937830512,2025-09-27 10:50:30.512,68:9E:19:03:95:F1,-64,127,1.0,12.5,1.5
1758937830623,2025-09-27 10:50:30.623,68:9E:19:03:95:F1,-68,127,1.0,12.5,1.5
1758937830732,2025-09-27 10:50:30.732,68:9E:19:03:95:F1,-60,127,1.0,12.5,1.5
1758937830834,2025-09-27 10:50:30.834,68:9E:19:03:95:F1,-64,127,1.0,12.5,1.5
1758937830952,2025-09-27 10:50:30.952,68:9E:19:03:95:F1,-68,127,1.0,12.5,1.5
1758937831058,2025-09-27 10:50:31.058,68:9E:19:03:95:F1,-60,127,1.0,12.5,1.5
1758937831161,2025-09-27 10:50:31.161,68:9E:19:03:95:F1,-64,127,1.0,12.5,1.5
1758937831271,2025-09-27 10:50:31.271,68:9E:19:03:95:F1,-68,127,1.0,12.5,1.5
1758937831373,2025-09-27 10:50:31.373,68:9E:19:03:95:F1,-60,127,1.0,12.5,1.5
1758937831480,2025-09-27 10:50:31.480,68:9E:19:03:95:F1,-64,127,1.0,12.5,1.5
1758937831582,2025-09-27 10:50:31.582,68:9E:19:03:95:F1,-68,127,1.0,12.5,1.5
1758937831685,2025-09-27 10:50:31.685,68:9E:19:03:95:F1,-60,127,1.0,12.5,1.5
1758937831786,2025-09-27 10:50:31.786,68:9E:19:03:95:F1,-64,127,1.0,12.5,1.5
1758937831899,2025-09-27 10:50:31.899,68:9E:19:03:95:F1,-69,127,1.0,12.5,1.5
1758937832105,2025-09-27 10:50:32.105,68:9E:19:03:95:F1,-69,127,1.0,12.5,1.5
1758937832216,2025-09-27 10:50:32.216,68:9E:19:03:95:F1,-60,127,1.0,12.5,1.5
1758937832324,2025-09-27 10:50:32.324,68:9E:19:03:95:F1,-64,127,1.0,12.5,1.5
1758937832426,2025-09-27 10:50:32.426,68:9E:19:03:95:F1,-69,127,1.0,12.5,1.5
1758937832537,2025-09-27 10:50:32.537,68:9E:19:03:95:F1,-60,127,1.0,12.5,1.5
1758937832636,2025-09-27 10:50:32.636,68:9E:19:03:95:F1,-64,127,1.0,12.5,1.5
1758937832735,2025-09-27 10:50:32.735,68:9E:19:03:95:F1,-69,127,1.0,12.5,1.5
1758937832836,2025-09-27 10:50:32.836,68:9E:19:03:95:F1,-61,127,1.0,12.5,1.5
1758937832941,2025-09-27 10:50:32.941,68:9E:19:03:95:F1,-64,127,1.0,12.5,1.5
1758937833043,2025-09-27 10:50:33.043,68:9E:19:03:95:F1,-68,127,1.0,12.5,1.5
1758937833152,2025-09-27 10:50:33.152,68:9E:19:03:95:F1,-60,127,1.0,12.5,1.5
1758937833251,2025-09-27 10:50:33.251,68:9E:19:03:95:F1,-64,127,1.0,12.5,1.5
1758937833362,2025-09-27 10:50:33.362,68:9E:19:03:95:F1,-69,127,1.0,12.5,1.5
1758937833571,2025-09-27 10:50:33.571,68:9E:19:03:95:F1,-64,127,1.0,12.5,1.5
1758937833681,2025-09-27 10:50:33.681,68:9E:19:03:95:F1,-68,127,1.0,12.5,1.5
1758937833785,2025-09-27 10:50:33.785,68:9E:19:03:95:F1,-60,127,1.0,12.5,1.5
1758937833885,2025-09-27 10:50:33.885,68:9E:19:03:95:F1,-64,127,1.0,12.5,1.5
1758937833996,2025-09-27 10:50:33.996,68:9E:19:03:95:F1,-68,127,1.0,12.5,1.5
1758937834097,2025-09-27 10:50:34.097,68:9E:19:03:95:F1,-60,127,1.0,12.5,1.5
1758937834205,2025-09-27 10:50:34.205,68:9E:19:03:95:F1,-69,127,1.0,12.5,1.5
1758937834311,2025-09-27 10:50:34.311,68:9E:19:03:95:F1,-60,127,1.0,12.5,1.5
1758937834409,2025-09-27 10:50:34.409,68:9E:19:03:95:F1,-64,127,1.0,12.5,1.5
1758937834508,2025-09-27 10:50:34.508,68:9E:19:03:95:F1,-69,127,1.0,12.5,1.5
1758937834621,2025-09-27 10:50:34.621,68:9E:19:03:95:F1,-60,127,1.0,12.5,1.5
1758937834719,2025-09-27 10:50:34.719,68:9E:19:03:95:F1,-64,127,1.0,12.5,1.5
1758937834822,2025-09-27 10:50:34.822,68:9E:19:03:95:F1,-69,127,1.0,12.5,1.5
1758937834933,2025-09-27 10:50:34.933,68:9E:19:03:95:F1,-60,127,1.0,12.5,1.5
1758937835029,2025-09-27 10:50:35.029,68:9E:19:03:95:F1,-64,127,1.0,12.5,1.5
1758937835143,2025-09-27 10:50:35.143,68:9E:19:03:95:F1,-68,127,1.0,12.5,1.5
1758937835243,2025-09-27 10:50:35.243,68:9E:19:03:95:F1,-60,127,1.0,12.5,1.5
1758937835344,2025-09-27 10:50:35.344,68:9E:19:03:95:F1,-64,127,1.0,12.5,1.5
1758937835457,2025-09-27 10:50:35.457,68:9E:19:03:95:F1,-69,127,1.0,12.5,1.5
1758937835762,2025-09-27 10:50:35.762,68:9E:19:03:95:F1,-68,127,1.0,12.5,1.5
1758937835868,2025-09-27 10:50:35.868,68:9E:19:03:95:F1,-60,127,1.0,12.5,1.5
1758937835972,2025-09-27 10:50:35.972,68:9E:19:03:95:F1,-64,127,1.0,12.5,1.5
1758937836077,2025-09-27 10:50:36.077,68:9E:19:03:95:F1,-69,127,1.0,12.5,1.5
1758937836185,2025-09-27 10:50:36.185,68:9E:19:03:95:F1,-60,127,1.0,12.5,1.5
1758937836395,2025-09-27 10:50:36.395,68:9E:19:03:95:F1,-68,127,1.0,12.5,1.5
1758937836495,2025-09-27 10:50:36.495,68:9E:19:03:95:F1,-60,127,1.0,12.5,1.5
1758937836598,2025-09-27 10:50:36.598,68:9E:19:03:95:F1,-64,127,1.0,12.5,1.5
1758937836703,2025-09-27 10:50:36.703,68:9E:19:03:95:F1,-60,127,1.0,12.5,1.5
1758937836811,2025-09-27 10:50:36.811,68:9E:19:03:95:F1,-64,127,1.0,12.5,1.5
1758937836912,2025-09-27 10:50:36.912,68:9E:19:03:95:F1,-69,127,1.0,12.5,1.5
1758937837021,2025-09-27 10:50:37.021,68:9E:19:03:95:F1,-60,127,1.0,12.5,1.5
1758937837118,2025-09-27 10:50:37.118,68:9E:19:03:95:F1,-64,127,1.0,12.5,1.5
1758937837232,2025-09-27 10:50:37.232,68:9E:19:03:95:F1,-69,127,1.0,12.5,1.5
1758937837430,2025-09-27 10:50:37.430,68:9E:19:03:95:F1,-64,127,1.0,12.5,1.5
1758937837538,2025-09-27 10:50:37.538,68:9E:19:03:95:F1,-68,127,1.0,12.5,1.5
1758937837645,2025-09-27 10:50:37.645,68:9E:19:03:95:F1,-60,127,1.0,12.5,1.5
1758937837741,2025-09-27 10:50:37.741,68:9E:19:03:95:F1,-64,127,1.0,12.5,1.5
1758937837850,2025-09-27 10:50:37.850,68:9E:19:03:95:F1,-68,127,1.0,12.5,1.5
1758937837963,2025-09-27 10:50:37.963,68:9E:19:03:95:F1,-60,127,1.0,12.5,1.5
1758937838060,2025-09-27 10:50:38.060,68:9E:19:03:95:F1,-64,127,1.0,12.5,1.5
1758937838173,2025-09-27 10:50:38.173,68:9E:19:03:95:F1,-68,127,1.0,12.5,1.5
1758937838279,2025-09-27 10:50:38.279,68:9E:19:03:95:F1,-60,127,1.0,12.5,1.5
1758937838383,2025-09-27 10:50:38.383,68:9E:19:03:95:F1,-64,127,1.0,12.5,1.5
1758937838495,2025-09-27 10:50:38.495,68:9E:19:03:95:F1,-69,127,1.0,12.5,1.5
1758937838596,2025-09-27 10:50:38.596,68:9E:19:03:95:F1,-60,127,1.0,12.5,1.5
1758937838704,2025-09-27 10:50:38.704,68:9E:19:03:95:F1,-64,127,1.0,12.5,1.5
1758937838801,2025-09-27 10:50:38.801,68:9E:19:03:95:F1,-69,127,1.0,12.5,1.5
1758937838909,2025-09-27 10:50:38.909,68:9E:19:03:95:F1,-64,127,1.0,12.5,1.5
1758937839018,2025-09-27 10:50:39.018,68:9E:19:03:95:F1,-68,127,1.0,12.5,1.5
1758937839132,2025-09-27 10:50:39.132,68:9E:19:03:95:F1,-60,127,1.0,12.5,1.5
1758937839232,2025-09-27 10:50:39.232,68:9E:19:03:95:F1,-64,127,1.0,12.5,1.5
1758937839343,2025-09-27 10:50:39.343,68:9E:19:03:95:F1,-69,127,1.0,12.5,1.5
1758937839452,2025-09-27 10:50:39.452,68:9E:19:03:95:F1,-60,127,1.0,12.5,1.5
1758937839544,2025-09-27 10:50:39.544,68:9E:19:03:95:F1,-64,127,1.0,12.5,1.5
1758937839654,2025-09-27 10:50:39.654,68:9E:19:03:95:F1,-70,127,1.0,12.5,1.5
1758937839760,2025-09-27 10:50:39.760,68:9E:19:03:95:F1,-60,127,1.0,12.5,1.5
1758937839973,2025-09-27 10:50:39.973,68:9E:19:03:95:F1,-68,127,1.0,12.5,1.5
1758937840075,2025-09-27 10:50:40.075,68:9E:19:03:95:F1,-60,127,1.0,12.5,1.5
1758937840181,2025-09-27 10:50:40.181,68:9E:19:03:95:F1,-64,127,1.0,12.5,1.5
1758937840278,2025-09-27 10:50:40.278,68:9E:19:03:95:F1,-68,127,1.0,12.5,1.5
1758937840394,2025-09-27 10:50:40.394,68:9E:19:03:95:F1,-60,127,1.0,12.5,1.5
1758937840497,2025-09-27 10:50:40.497,68:9E:19:03:95:F1,-64,127,1.0,12.5,1.5
1758937840707,2025-09-27 10:50:40.707,68:9E:19:03:95:F1,-64,127,1.0,12.5,1.5
1758937840816,2025-09-27 10:50:40.816,68:9E:19:03:95:F1,-68,127,1.0,12.5,1.5
1758937840920,2025-09-27 10:50:40.920,68:9E:19:03:95:F1,-60,127,1.0,12.5,1.5
1758937841023,2025-09-27 10:50:41.023,68:9E:19:03:95:F1,-64,127,1.0,12.5,1.5
1758937841131,2025-09-27 10:50:41.131,68:9E:19:03:95:F1,-69,127,1.0,12.5,1.5
1758937841240,2025-09-27 10:50:41.240,68:9E:19:03:95:F1,-60,127,1.0,12.5,1.5
1758937841345,2025-09-27 10:50:41.345,68:9E:19:03:95:F1,-64,127,1.0,12.5,1.5
1758937841543,2025-09-27 10:50:41.543,68:9E:19:03:95:F1,-60,127,1.0,12.5,1.5
1758937841649,2025-09-27 10:50:41.649,68:9E:19:03:95:F1,-64,127,1.0,12.5,1.5
1758937841757,2025-09-27 10:50:41.757,68:9E:19:03:95:F1,-68,127,1.0,12.5,1.5
1758937842066,2025-09-27 10:50:42.066,68:9E:19:03:95:F1,-69,127,1.0,12.5,1.5
1758937842178,2025-09-27 10:50:42.178,68:9E:19:03:95:F1,-60,127,1.0,12.5,1.5
1758937842389,2025-09-27 10:50:42.389,68:9E:19:03:95:F1,-69,127,1.0,12.5,1.5
1758937842491,2025-09-27 10:50:42.491,68:9E:19:03:95:F1,-60,127,1.0,12.5,1.5
1758937842807,2025-09-27 10:50:42.807,68:9E:19:03:95:F1,-60,127,1.0,12.5,1.5
1758937842912,2025-09-27 10:50:42.912,68:9E:19:03:95:F1,-68,127,1.0,12.5,1.5
1758937843025,2025-09-27 10:50:43.025,68:9E:19:03:95:F1,-60,127,1.0,12.5,1.5
1758937843125,2025-09-27 10:50:43.125,68:9E:19:03:95:F1,-64,127,1.0,12.5,1.5
1758937843339,2025-09-27 10:50:43.339,68:9E:19:03:95:F1,-60,127,1.0,12.5,1.5
1758937843446,2025-09-27 10:50:43.446,68:9E:19:03:95:F1,-64,127,1.0,12.5,1.5
1758937843554,2025-09-27 10:50:43.554,68:9E:19:03:95:F1,-68,127,1.0,12.5,1.5
1758937843659,2025-09-27 10:50:43.659,68:9E:19:03:95:F1,-60,127,1.0,12.5,1.5
1758937843768,2025-09-27 10:50:43.768,68:9E:19:03:95:F1,-64,127,1.0,12.5,1.5
1758937843880,2025-09-27 10:50:43.880,68:9E:19:03:95:F1,-68,127,1.0,12.5,1.5
1758937843974,2025-09-27 10:50:43.974,68:9E:19:03:95:F1,-60,127,1.0,12.5,1.5
1758937844289,2025-09-27 10:50:44.289,68:9E:19:03:95:F1,-60,127,1.0,12.5,1.5
1758937844398,2025-09-27 10:50:44.398,68:9E:19:03:95:F1,-64,127,1.0,12.5,1.5
1758937844504,2025-09-27 10:50:44.504,68:9E:19:03:95:F1,-69,127,1.0,12.5,1.5
1758937844608,2025-09-27 10:50:44.608,68:9E:19:03:95:F1,-60,127,1.0,12.5,1.5
1758937844714,2025-09-27 10:50:44.714,68:9E:19:03:95:F1,-69,127,1.0,12.5,1.5
1758937844824,2025-09-27 10:50:44.824,68:9E:19:03:95:F1,-61,127,1.0,12.5,1.5
1758937844918,2025-09-27 10:50:44.918,68:9E:19:03:95:F1,-63,127,1.0,12.5,1.5
1758937845023,2025-09-27 10:50:45.023,68:9E:19:03:95:F1,-68,127,1.0,12.5,1.5
1758937845127,2025-09-27 10:50:45.127,68:9E:19:03:95:F1,-60,127,1.0,12.5,1.5
1758937845224,2025-09-27 10:50:45.224,68:9E:19:03:95:F1,-64,127,1.0,12.5,1.5
1758937845334,2025-09-27 10:50:45.334,68:9E:19:03:95:F1,-69,127,1.0,12.5,1.5
1758937845439,2025-09-27 10:50:45.439,68:9E:19:03:95:F1,-60,127,1.0,12.5,1.5
1758937845544,2025-09-27 10:50:45.544,68:9E:19:03:95:F1,-64,127,1.0,12.5,1.5
1758937845650,2025-09-27 10:50:45.650,68:9E:19:03:95:F1,-69,127,1.0,12.5,1.5
1758937845861,2025-09-27 10:50:45.861,68:9E:19:03:95:F1,-64,127,1.0,12.5,1.5
1758937846079,2025-09-27 10:50:46.079,68:9E:19:03:95:F1,-60,127,1.0,12.5,1.5
1758937846177,2025-09-27 10:50:46.177,68:9E:19:03:95:F1,-64,127,1.0,12.5,1.5
1758937846282,2025-09-27 10:50:46.282,68:9E:19:03:95:F1,-69,127,1.0,12.5,1.5
1758937846390,2025-09-27 10:50:46.390,68:9E:19:03:95:F1,-60,127,1.0,12.5,1.5
1758937846496,2025-09-27 10:50:46.496,68:9E:19:03:95:F1,-64,127,1.0,12.5,1.5
1758937846607,2025-09-27 10:50:46.607,68:9E:19:03:95:F1,-69,127,1.0,12.5,1.5
1758937846710,2025-09-27 10:50:46.710,68:9E:19:03:95:F1,-64,127,1.0,12.5,1.5
1758937846818,2025-09-27 10:50:46.818,68:9E:19:03:95:F1,-68,127,1.0,12.5,1.5
1758937846919,2025-09-27 10:50:46.919,68:9E:19:03:95:F1,-60,127,1.0,12.5,1.5
1758937847028,2025-09-27 10:50:47.028,68:9E:19:03:95:F1,-64,127,1.0,12.5,1.5
1758937847127,2025-09-27 10:50:47.127,68:9E:19:03:95:F1,-69,127,1.0,12.5,1.5
1758937847236,2025-09-27 10:50:47.236,68:9E:19:03:95:F1,-60,127,1.0,12.5,1.5
1758937847339,2025-09-27 10:50:47.339,68:9E:19:03:95:F1,-64,127,1.0,12.5,1.5
1758937847446,2025-09-27 10:50:47.446,68:9E:19:03:95:F1,-68,127,1.0,12.5,1.5
1758937847557,2025-09-27 10:50:47.557,68:9E:19:03:95:F1,-60,127,1.0,12.5,1.5
1758937847652,2025-09-27 10:50:47.652,68:9E:19:03:95:F1,-64,127,1.0,12.5,1.5
1758937847763,2025-09-27 10:50:47.763,68:9E:19:03:95:F1,-68,127,1.0,12.5,1.5
1758937847868,2025-09-27 10:50:47.868,68:9E:19:03:95:F1,-61,127,1.0,12.5,1.5
1758937847966,2025-09-27 10:50:47.966,68:9E:19:03:95:F1,-64,127,1.0,12.5,1.5
1758937848067,2025-09-27 10:50:48.067,68:9E:19:03:95:F1,-69,127,1.0,12.5,1.5
1758937848168,2025-09-27 10:50:48.168,68:9E:19:03:95:F1,-60,127,1.0,12.5,1.5
1758937848266,2025-09-27 10:50:48.266,68:9E:19:03:95:F1,-64,127,1.0,12.5,1.5
1758937848472,2025-09-27 10:50:48.472,68:9E:19:03:95:F1,-60,127,1.0,12.5,1.5
1758937848575,2025-09-27 10:50:48.575,68:9E:19:03:95:F1,-63,127,1.0,12.5,1.5
1758937848687,2025-09-27 10:50:48.687,68:9E:19:03:95:F1,-68,127,1.0,12.5,1.5
1758937848797,2025-09-27 10:50:48.797,68:9E:19:03:95:F1,-60,127,1.0,12.5,1.5
1758937848902,2025-09-27 10:50:48.902,68:9E:19:03:95:F1,-64,127,1.0,12.5,1.5
1758937849009,2025-09-27 10:50:49.009,68:9E:19:03:95:F1,-60,127,1.0,12.5,1.5
1758937849116,2025-09-27 10:50:49.116,68:9E:19:03:95:F1,-64,127,1.0,12.5,1.5
1758937849222,2025-09-27 10:50:49.222,68:9E:19:03:95:F1,-69,127,1.0,12.5,1.5
1758937849324,2025-09-27 10:50:49.324,68:9E:19:03:95:F1,-60,127,1.0,12.5,1.5
1758937849432,2025-09-27 10:50:49.432,68:9E:19:03:95:F1,-64,127,1.0,12.5,1.5
1758937849537,2025-09-27 10:50:49.537,68:9E:19:03:95:F1,-68,127,1.0,12.5,1.5
1758937849753,2025-09-27 10:50:49.753,68:9E:19:03:95:F1,-63,127,1.0,12.5,1.5
1758937849956,2025-09-27 10:50:49.956,68:9E:19:03:95:F1,-60,127,1.0,12.5,1.5
1758937850064,2025-09-27 10:50:50.064,68:9E:19:03:95:F1,-64,127,1.0,12.5,1.5
1758937850176,2025-09-27 10:50:50.176,68:9E:19:03:95:F1,-69,127,1.0,12.5,1.5
1758937850380,2025-09-27 10:50:50.380,68:9E:19:03:95:F1,-64,127,1.0,12.5,1.5
1758937850480,2025-09-27 10:50:50.480,68:9E:19:03:95:F1,-68,127,1.0,12.5,1.5
1758937850583,2025-09-27 10:50:50.583,68:9E:19:03:95:F1,-60,127,1.0,12.5,1.5
1758937850688,2025-09-27 10:50:50.688,68:9E:19:03:95:F1,-64,127,1.0,12.5,1.5
1758937850793,2025-09-27 10:50:50.793,68:9E:19:03:95:F1,-69,127,1.0,12.5,1.5
1758937850901,2025-09-27 10:50:50.901,68:9E:19:03:95:F1,-60,127,1.0,12.5,1.5
1758937851009,2025-09-27 10:50:51.009,68:9E:19:03:95:F1,-68,127,1.0,12.5,1.5
1758937851116,2025-09-27 10:50:51.116,68:9E:19:03:95:F1,-60,127,1.0,12.5,1.5
1758937851215,2025-09-27 10:50:51.215,68:9E:19:03:95:F1,-64,127,1.0,12.5,1.5
1758937851322,2025-09-27 10:50:51.322,68:9E:19:03:95:F1,-69,127,1.0,12.5,1.5
1758937851424,2025-09-27 10:50:51.424,68:9E:19:03:95:F1,-60,127,1.0,12.5,1.5
1758937851526,2025-09-27 10:50:51.526,68:9E:19:03:95:F1,-64,127,1.0,12.5,1.5
1758937851634,2025-09-27 10:50:51.634,68:9E:19:03:95:F1,-70,127,1.0,12.5,1.5
1758937851741,2025-09-27 10:50:51.741,68:9E:19:03:95:F1,-60,127,1.0,12.5,1.5
1758937851842,2025-09-27 10:50:51.842,68:9E:19:03:95:F1,-64,127,1.0,12.5,1.5
1758937851955,2025-09-27 10:50:51.955,68:9E:19:03:95:F1,-68,127,1.0,12.5,1.5
1758937852059,2025-09-27 10:50:52.059,68:9E:19:03:95:F1,-60,127,1.0,12.5,1.5
1758937852164,2025-09-27 10:50:52.164,68:9E:19:03:95:F1,-64,127,1.0,12.5,1.5
1758937852268,2025-09-27 10:50:52.268,68:9E:19:03:95:F1,-69,127,1.0,12.5,1.5
1758937852369,2025-09-27 10:50:52.369,68:9E:19:03:95:F1,-60,127,1.0,12.5,1.5
1758937852576,2025-09-27 10:50:52.576,68:9E:19:03:95:F1,-68,127,1.0,12.5,1.5
1758937852683,2025-09-27 10:50:52.683,68:9E:19:03:95:F1,-60,127,1.0,12.5,1.5
1758937852893,2025-09-27 10:50:52.893,68:9E:19:03:95:F1,-68,127,1.0,12.5,1.5
1758937852991,2025-09-27 10:50:52.991,68:9E:19:03:95:F1,-60,127,1.0,12.5,1.5
1758937853100,2025-09-27 10:50:53.100,68:9E:19:03:95:F1,-64,127,1.0,12.5,1.5
1758937853200,2025-09-27 10:50:53.200,68:9E:19:03:95:F1,-69,127,1.0,12.5,1.5
1758937853415,2025-09-27 10:50:53.415,68:9E:19:03:95:F1,-68,127,1.0,12.5,1.5
1758937853520,2025-09-27 10:50:53.520,68:9E:19:03:95:F1,-60,127,1.0,12.5,1.5
1758937853625,2025-09-27 10:50:53.625,68:9E:19:03:95:F1,-64,127,1.0,12.5,1.5
1758937853737,2025-09-27 10:50:53.737,68:9E:19:03:95:F1,-68,127,1.0,12.5,1.5
1758937853839,2025-09-27 10:50:53.839,68:9E:19:03:95:F1,-60,127,1.0,12.5,1.5
1758937853936,2025-09-27 10:50:53.936,68:9E:19:03:95:F1,-64,127,1.0,12.5,1.5
1758937854042,2025-09-27 10:50:54.042,68:9E:19:03:95:F1,-68,127,1.0,12.5,1.5
1758937854156,2025-09-27 10:50:54.156,68:9E:19:03:95:F1,-60,127,1.0,12.5,1.5
1758937854255,2025-09-27 10:50:54.255,68:9E:19:03:95:F1,-64,127,1.0,12.5,1.5
1758937854465,2025-09-27 10:50:54.465,68:9E:19:03:95:F1,-60,127,1.0,12.5,1.5
1758937854569,2025-09-27 10:50:54.569,68:9E:19:03:95:F1,-64,127,1.0,12.5,1.5
1758937854670,2025-09-27 10:50:54.670,68:9E:19:03:95:F1,-68,127,1.0,12.5,1.5
1758937854782,2025-09-27 10:50:54.782,68:9E:19:03:95:F1,-60,127,1.0,12.5,1.5
1758937854882,2025-09-27 10:50:54.882,68:9E:19:03:95:F1,-64,127,1.0,12.5,1.5
1758937854986,2025-09-27 10:50:54.986,68:9E:19:03:95:F1,-68,127,1.0,12.5,1.5
1758937855093,2025-09-27 10:50:55.093,68:9E:19:03:95:F1,-60,127,1.0,12.5,1.5
1758937855202,2025-09-27 10:50:55.202,68:9E:19:03:95:F1,-64,127,1.0,12.5,1.5
1758937855311,2025-09-27 10:50:55.311,68:9E:19:03:95:F1,-60,127,1.0,12.5,1.5
1758937855413,2025-09-27 10:50:55.413,68:9E:19:03:95:F1,-64,127,1.0,12.5,1.5
1758937855518,2025-09-27 10:50:55.518,68:9E:19:03:95:F1,-68,127,1.0,12.5,1.5
1758937855624,2025-09-27 10:50:55.624,68:9E:19:03:95:F1,-60,127,1.0,12.5,1.5
1758937855719,2025-09-27 10:50:55.719,68:9E:19:03:95:F1,-63,127,1.0,12.5,1.5
1758937855827,2025-09-27 10:50:55.827,68:9E:19:03:95:F1,-69,127,1.0,12.5,1.5
1758937855932,2025-09-27 10:50:55.932,68:9E:19:03:95:F1,-60,127,1.0,12.5,1.5
1758937856034,2025-09-27 10:50:56.034,68:9E:19:03:95:F1,-64,127,1.0,12.5,1.5
1758937856136,2025-09-27 10:50:56.136,68:9E:19:03:95:F1,-69,127,1.0,12.5,1.5
1758937856242,2025-09-27 10:50:56.242,68:9E:19:03:95:F1,-60,127,1.0,12.5,1.5
1758937856349,2025-09-27 10:50:56.349,68:9E:19:03:95:F1,-64,127,1.0,12.5,1.5
1758937856456,2025-09-27 10:50:56.456,68:9E:19:03:95:F1,-68,127,1.0,12.5,1.5
1758937856564,2025-09-27 10:50:56.564,68:9E:19:03:95:F1,-60,127,1.0,12.5,1.5
1758937856671,2025-09-27 10:50:56.671,68:9E:19:03:95:F1,-64,127,1.0,12.5,1.5
1758937856777,2025-09-27 10:50:56.777,68:9E:19:03:95:F1,-69,127,1.0,12.5,1.5
1758937856885,2025-09-27 10:50:56.885,68:9E:19:03:95:F1,-60,127,1.0,12.5,1.5
1758937856990,2025-09-27 10:50:56.990,68:9E:19:03:95:F1,-63,127,1.0,12.5,1.5
1758937857093,2025-09-27 10:50:57.093,68:9E:19:03:95:F1,-68,127,1.0,12.5,1.5
1758937857200,2025-09-27 10:50:57.200,68:9E:19:03:95:F1,-60,127,1.0,12.5,1.5
1758937857308,2025-09-27 10:50:57.308,68:9E:19:03:95:F1,-68,127,1.0,12.5,1.5
1758937857424,2025-09-27 10:50:57.424,68:9E:19:03:95:F1,-60,127,1.0,12.5,1.5
1758937857519,2025-09-27 10:50:57.519,68:9E:19:03:95:F1,-64,127,1.0,12.5,1.5
1758937857624,2025-09-27 10:50:57.624,68:9E:19:03:95:F1,-69,127,1.0,12.5,1.5
1758937857730,2025-09-27 10:50:57.730,68:9E:19:03:95:F1,-60,127,1.0,12.5,1.5
1758937857832,2025-09-27 10:50:57.832,68:9E:19:03:95:F1,-64,127,1.0,12.5,1.5
1758937857941,2025-09-27 10:50:57.941,68:9E:19:03:95:F1,-68,127,1.0,12.5,1.5
1758937858046,2025-09-27 10:50:58.046,68:9E:19:03:95:F1,-60,127,1.0,12.5,1.5
1758937858154,2025-09-27 10:50:58.154,68:9E:19:03:95:F1,-64,127,1.0,12.5,1.5
1758937858257,2025-09-27 10:50:58.257,68:9E:19:03:95:F1,-68,127,1.0,12.5,1.5
1758937858353,2025-09-27 10:50:58.353,68:9E:19:03:95:F1,-60,127,1.0,12.5,1.5
1758937858460,2025-09-27 10:50:58.460,68:9E:19:03:95:F1,-64,127,1.0,12.5,1.5
1758937858570,2025-09-27 10:50:58.570,68:9E:19:03:95:F1,-69,127,1.0,12.5,1.5
1758937858676,2025-09-27 10:50:58.676,68:9E:19:03:95:F1,-60,127,1.0,12.5,1.5
1758937858875,2025-09-27 10:50:58.875,68:9E:19:03:95:F1,-68,127,1.0,12.5,1.5
1758937858981,2025-09-27 10:50:58.981,68:9E:19:03:95:F1,-60,127,1.0,12.5,1.5
1758937859085,2025-09-27 10:50:59.085,68:9E:19:03:95:F1,-64,127,1.0,12.5,1.5
1758937859186,2025-09-27 10:50:59.186,68:9E:19:03:95:F1,-68,127,1.0,12.5,1.5
1758937859288,2025-09-27 10:50:59.288,68:9E:19:03:95:F1,-60,127,1.0,12.5,1.5
1758937859390,2025-09-27 10:50:59.390,68:9E:19:03:95:F1,-63,127,1.0,12.5,1.5
1758937859495,2025-09-27 10:50:59.495,68:9E:19:03:95:F1,-68,127,1.0,12.5,1.5
1758937859603,2025-09-27 10:50:59.603,68:9E:19:03:95:F1,-60,127,1.0,12.5,1.5
1758937859702,2025-09-27 10:50:59.702,68:9E:19:03:95:F1,-64,127,1.0,12.5,1.5
1758937859921,2025-09-27 10:50:59.921,68:9E:19:03:95:F1,-64,127,1.0,12.5,1.5
1758937860029,2025-09-27 10:51:00.029,68:9E:19:03:95:F1,-68,127,1.0,12.5,1.5
1758937860137,2025-09-27 10:51:00.137,68:9E:19:03:95:F1,-60,127,1.0,12.5,1.5
1758937860238,2025-09-27 10:51:00.238,68:9E:19:03:95:F1,-64,127,1.0,12.5,1.5
1758937860344,2025-09-27 10:51:00.344,68:9E:19:03:95:F1,-68,127,1.0,12.5,1.5
1758937860452,2025-09-27 10:51:00.452,68:9E:19:03:95:F1,-60,127,1.0,12.5,1.5
1758937860559,2025-09-27 10:51:00.559,68:9E:19:03:95:F1,-64,127,1.0,12.5,1.5
1758937860665,2025-09-27 10:51:00.665,68:9E:19:03:95:F1,-68,127,1.0,12.5,1.5
1758937860779,2025-09-27 10:51:00.779,68:9E:19:03:95:F1,-60,127,1.0,12.5,1.5
1758937860884,2025-09-27 10:51:00.884,68:9E:19:03:95:F1,-64,127,1.0,12.5,1.5
1758937860993,2025-09-27 10:51:00.993,68:9E:19:03:95:F1,-68,127,1.0,12.5,1.5
1758937861096,2025-09-27 10:51:01.096,68:9E:19:03:95:F1,-60,127,1.0,12.5,1.5
1758937861197,2025-09-27 10:51:01.197,68:9E:19:03:95:F1,-64,127,1.0,12.5,1.5
1758937861300,2025-09-27 10:51:01.300,68:9E:19:03:95:F1,-68,127,1.0,12.5,1.5
1758937861407,2025-09-27 10:51:01.407,68:9E:19:03:95:F1,-60,127,1.0,12.5,1.5
1758937861504,2025-09-27 10:51:01.504,68:9E:19:03:95:F1,-64,127,1.0,12.5,1.5
1758937861609,2025-09-27 10:51:01.609,68:9E:19:03:95:F1,-60,127,1.0,12.5,1.5
1758937861708,2025-09-27 10:51:01.708,68:9E:19:03:95:F1,-63,127,1.0,12.5,1.5
1758937861921,2025-09-27 10:51:01.921,68:9E:19:03:95:F1,-60,127,1.0,12.5,1.5
1758937862027,2025-09-27 10:51:02.027,68:9E:19:03:95:F1,-64,127,1.0,12.5,1.5
1758937862135,2025-09-27 10:51:02.135,68:9E:19:03:95:F1,-68,127,1.0,12.5,1.5
1758937862239,2025-09-27 10:51:02.239,68:9E:19:03:95:F1,-60,127,1.0,12.5,1.5
1758937862342,2025-09-27 10:51:02.342,68:9E:19:03:95:F1,-64,127,1.0,12.5,1.5
1758937862549,2025-09-27 10:51:02.549,68:9E:19:03:95:F1,-60,127,1.0,12.5,1.5
1758937862657,2025-09-27 10:51:02.657,68:9E:19:03:95:F1,-64,127,1.0,12.5,1.5
1758937862755,2025-09-27 10:51:02.755,68:9E:19:03:95:F1,-69,127,1.0,12.5,1.5
1758937862860,2025-09-27 10:51:02.860,68:9E:19:03:95:F1,-60,127,1.0,12.5,1.5
1758937862960,2025-09-27 10:51:02.960,68:9E:19:03:95:F1,-64,127,1.0,12.5,1.5
1758937863069,2025-09-27 10:51:03.069,68:9E:19:03:95:F1,-68,127,1.0,12.5,1.5
1758937863176,2025-09-27 10:51:03.176,68:9E:19:03:95:F1,-60,127,1.0,12.5,1.5
1758937863269,2025-09-27 10:51:03.269,68:9E:19:03:95:F1,-64,127,1.0,12.5,1.5
1758937863385,2025-09-27 10:51:03.385,68:9E:19:03:95:F1,-69,127,1.0,12.5,1.5
1758937863492,2025-09-27 10:51:03.492,68:9E:19:03:95:F1,-60,127,1.0,12.5,1.5
1758937863595,2025-09-27 10:51:03.595,68:9E:19:03:95:F1,-64,127,1.0,12.5,1.5
1758937863701,2025-09-27 10:51:03.701,68:9E:19:03:95:F1,-69,127,1.0,12.5,1.5
1758937863802,2025-09-27 10:51:03.802,68:9E:19:03:95:F1,-60,127,1.0,12.5,1.5
1758937863902,2025-09-27 10:51:03.902,68:9E:19:03:95:F1,-64,127,1.0,12.5,1.5
1758937864018,2025-09-27 10:51:04.018,68:9E:19:03:95:F1,-60,127,1.0,12.5,1.5
1758937864116,2025-09-27 10:51:04.116,68:9E:19:03:95:F1,-63,127,1.0,12.5,1.5
1758937864224,2025-09-27 10:51:04.224,68:9E:19:03:95:F1,-69,127,1.0,12.5,1.5
1758937864328,2025-09-27 10:51:04.328,68:9E:19:03:95:F1,-60,127,1.0,12.5,1.5
1758937864432,2025-09-27 10:51:04.432,68:9E:19:03:95:F1,-64,127,1.0,12.5,1.5
1758937864530,2025-09-27 10:51:04.530,68:9E:19:03:95:F1,-68,127,1.0,12.5,1.5
1758937864635,2025-09-27 10:51:04.635,68:9E:19:03:95:F1,-60,127,1.0,12.5,1.5
1758937864734,2025-09-27 10:51:04.734,68:9E:19:03:95:F1,-64,127,1.0,12.5,1.5
1758937864839,2025-09-27 10:51:04.839,68:9E:19:03:95:F1,-69,127,1.0,12.5,1.5
1758937864950,2025-09-27 10:51:04.950,68:9E:19:03:95:F1,-60,127,1.0,12.5,1.5
1758937865044,2025-09-27 10:51:05.044,68:9E:19:03:95:F1,-63,127,1.0,12.5,1.5
1758937865159,2025-09-27 10:51:05.159,68:9E:19:03:95:F1,-69,127,1.0,12.5,1.5
1758937865259,2025-09-27 10:51:05.259,68:9E:19:03:95:F1,-60,127,1.0,12.5,1.5
1758937865361,2025-09-27 10:51:05.361,68:9E:19:03:95:F1,-64,127,1.0,12.5,1.5
1758937865473,2025-09-27 10:51:05.473,68:9E:19:03:95:F1,-69,127,1.0,12.5,1.5
1758937865577,2025-09-27 10:51:05.577,68:9E:19:03:95:F1,-60,127,1.0,12.5,1.5
1758937865678,2025-09-27 10:51:05.678,68:9E:19:03:95:F1,-64,127,1.0,12.5,1.5
1758937865781,2025-09-27 10:51:05.781,68:9E:19:03:95:F1,-68,127,1.0,12.5,1.5
1758937865892,2025-09-27 10:51:05.892,68:9E:19:03:95:F1,-60,127,1.0,12.5,1.5
1758937865990,2025-09-27 10:51:05.990,68:9E:19:03:95:F1,-64,127,1.0,12.5,1.5
1758937866091,2025-09-27 10:51:06.091,68:9E:19:03:95:F1,-69,127,1.0,12.5,1.5
1758937866190,2025-09-27 10:51:06.190,68:9E:19:03:95:F1,-60,127,1.0,12.5,1.5
1758937866400,2025-09-27 10:51:06.400,68:9E:19:03:95:F1,-68,127,1.0,12.5,1.5
1758937866614,2025-09-27 10:51:06.614,68:9E:19:03:95:F1,-69,127,1.0,12.5,1.5
1758937866720,2025-09-27 10:51:06.720,68:9E:19:03:95:F1,-60,127,1.0,12.5,1.5
1758937866823,2025-09-27 10:51:06.823,68:9E:19:03:95:F1,-64,127,1.0,12.5,1.5
1758937866933,2025-09-27 10:51:06.933,68:9E:19:03:95:F1,-69,127,1.0,12.5,1.5
1758937867038,2025-09-27 10:51:07.038,68:9E:19:03:95:F1,-60,127,1.0,12.5,1.5
1758937867136,2025-09-27 10:51:07.136,68:9E:19:03:95:F1,-64,127,1.0,12.5,1.5
1758937867242,2025-09-27 10:51:07.242,68:9E:19:03:95:F1,-69,127,1.0,12.5,1.5
1758937867353,2025-09-27 10:51:07.353,68:9E:19:03:95:F1,-60,127,1.0,12.5,1.5
1758937867453,2025-09-27 10:51:07.453,68:9E:19:03:95:F1,-64,127,1.0,12.5,1.5
1758937867556,2025-09-27 10:51:07.556,68:9E:19:03:95:F1,-69,127,1.0,12.5,1.5
1758937867662,2025-09-27 10:51:07.662,68:9E:19:03:95:F1,-60,127,1.0,12.5,1.5
1758937867764,2025-09-27 10:51:07.764,68:9E:19:03:95:F1,-64,127,1.0,12.5,1.5
1758937867870,2025-09-27 10:51:07.870,68:9E:19:03:95:F1,-69,127,1.0,12.5,1.5
1758937867983,2025-09-27 10:51:07.983,68:9E:19:03:95:F1,-60,127,1.0,12.5,1.5
1758937868086,2025-09-27 10:51:08.086,68:9E:19:03:95:F1,-64,127,1.0,12.5,1.5
1758937868182,2025-09-27 10:51:08.182,68:9E:19:03:95:F1,-69,127,1.0,12.5,1.5
1758937868289,2025-09-27 10:51:08.289,68:9E:19:03:95:F1,-60,127,1.0,12.5,1.5
1758937868385,2025-09-27 10:51:08.385,68:9E:19:03:95:F1,-64,127,1.0,12.5,1.5
1758937868497,2025-09-27 10:51:08.497,68:9E:19:03:95:F1,-68,127,1.0,12.5,1.5
1758937868700,2025-09-27 10:51:08.700,68:9E:19:03:95:F1,-64,127,1.0,12.5,1.5
1758937868809,2025-09-27 10:51:08.809,68:9E:19:03:95:F1,-60,127,1.0,12.5,1.5
1758937868924,2025-09-27 10:51:08.924,68:9E:19:03:95:F1,-64,127,1.0,12.5,1.5
1758937869020,2025-09-27 10:51:09.020,68:9E:19:03:95:F1,-69,127,1.0,12.5,1.5
1758937869130,2025-09-27 10:51:09.130,68:9E:19:03:95:F1,-60,127,1.0,12.5,1.5
1758937869228,2025-09-27 10:51:09.228,68:9E:19:03:95:F1,-63,127,1.0,12.5,1.5
1758937869335,2025-09-27 10:51:09.335,68:9E:19:03:95:F1,-68,127,1.0,12.5,1.5
1758937869440,2025-09-27 10:51:09.440,68:9E:19:03:95:F1,-60,127,1.0,12.5,1.5
1758937869538,2025-09-27 10:51:09.538,68:9E:19:03:95:F1,-64,127,1.0,12.5,1.5
1758937869644,2025-09-27 10:51:09.644,68:9E:19:03:95:F1,-69,127,1.0,12.5,1.5
1758937869758,2025-09-27 10:51:09.758,68:9E:19:03:95:F1,-60,127,1.0,12.5,1.5
1758937869857,2025-09-27 10:51:09.857,68:9E:19:03:95:F1,-64,127,1.0,12.5,1.5
1758937869961,2025-09-27 10:51:09.961,68:9E:19:03:95:F1,-68,127,1.0,12.5,1.5
1758937870063,2025-09-27 10:51:10.063,68:9E:19:03:95:F1,-60,127,1.0,12.5,1.5
1758937870182,2025-09-27 10:51:10.182,68:9E:19:03:95:F1,-64,127,1.0,12.5,1.5
1758937870275,2025-09-27 10:51:10.275,68:9E:19:03:95:F1,-70,127,1.0,12.5,1.5
1758937870374,2025-09-27 10:51:10.374,68:9E:19:03:95:F1,-60,127,1.0,12.5,1.5
1758937870482,2025-09-27 10:51:10.482,68:9E:19:03:95:F1,-64,127,1.0,12.5,1.5
1758937870589,2025-09-27 10:51:10.589,68:9E:19:03:95:F1,-69,127,1.0,12.5,1.5
1758937870705,2025-09-27 10:51:10.705,68:9E:19:03:95:F1,-60,127,1.0,12.5,1.5
1758937870802,2025-09-27 10:51:10.802,68:9E:19:03:95:F1,-64,127,1.0,12.5,1.5
1758937870903,2025-09-27 10:51:10.903,68:9E:19:03:95:F1,-68,127,1.0,12.5,1.5
1758937871016,2025-09-27 10:51:11.016,68:9E:19:03:95:F1,-64,127,1.0,12.5,1.5
1758937871113,2025-09-27 10:51:11.113,68:9E:19:03:95:F1,-69,127,1.0,12.5,1.5
1758937871233,2025-09-27 10:51:11.233,68:9E:19:03:95:F1,-60,127,1.0,12.5,1.5
1758937871327,2025-09-27 10:51:11.327,68:9E:19:03:95:F1,-64,127,1.0,12.5,1.5
1758937871442,2025-09-27 10:51:11.442,68:9E:19:03:95:F1,-69,127,1.0,12.5,1.5
1758937871548,2025-09-27 10:51:11.548,68:9E:19:03:95:F1,-60,127,1.0,12.5,1.5
1758937871653,2025-09-27 10:51:11.653,68:9E:19:03:95:F1,-64,127,1.0,12.5,1.5
1758937871758,2025-09-27 10:51:11.758,68:9E:19:03:95:F1,-69,127,1.0,12.5,1.5
1758937871858,2025-09-27 10:51:11.858,68:9E:19:03:95:F1,-60,127,1.0,12.5,1.5
1758937872056,2025-09-27 10:51:12.056,68:9E:19:03:95:F1,-70,127,1.0,12.5,1.5
1758937872164,2025-09-27 10:51:12.164,68:9E:19:03:95:F1,-60,127,1.0,12.5,1.5
1758937872274,2025-09-27 10:51:12.274,68:9E:19:03:95:F1,-64,127,1.0,12.5,1.5
1758937872375,2025-09-27 10:51:12.375,68:9E:19:03:95:F1,-68,127,1.0,12.5,1.5
1758937872486,2025-09-27 10:51:12.486,68:9E:19:03:95:F1,-60,127,1.0,12.5,1.5
1758937872584,2025-09-27 10:51:12.584,68:9E:19:03:95:F1,-64,127,1.0,12.5,1.5
1758937872795,2025-09-27 10:51:12.795,68:9E:19:03:95:F1,-60,127,1.0,12.5,1.5
1758937872891,2025-09-27 10:51:12.891,68:9E:19:03:95:F1,-64,127,1.0,12.5,1.5
1758937873006,2025-09-27 10:51:13.006,68:9E:19:03:95:F1,-69,127,1.0,12.5,1.5
1758937873109,2025-09-27 10:51:13.109,68:9E:19:03:95:F1,-60,127,1.0,12.5,1.5
1758937873206,2025-09-27 10:51:13.206,68:9E:19:03:95:F1,-69,127,1.0,12.5,1.5
1758937873310,2025-09-27 10:51:13.310,68:9E:19:03:95:F1,-60,127,1.0,12.5,1.5
1758937873414,2025-09-27 10:51:13.414,68:9E:19:03:95:F1,-63,127,1.0,12.5,1.5
1758937873517,2025-09-27 10:51:13.517,68:9E:19:03:95:F1,-69,127,1.0,12.5,1.5
1758937873629,2025-09-27 10:51:13.629,68:9E:19:03:95:F1,-60,127,1.0,12.5,1.5
1758937873729,2025-09-27 10:51:13.729,68:9E:19:03:95:F1,-64,127,1.0,12.5,1.5
1758937873838,2025-09-27 10:51:13.838,68:9E:19:03:95:F1,-69,127,1.0,12.5,1.5
1758937873939,2025-09-27 10:51:13.939,68:9E:19:03:95:F1,-60,127,1.0,12.5,1.5
1758937874052,2025-09-27 10:51:14.052,68:9E:19:03:95:F1,-64,127,1.0,12.5,1.5
1758937874254,2025-09-27 10:51:14.254,68:9E:19:03:95:F1,-60,127,1.0,12.5,1.5
1758937874350,2025-09-27 10:51:14.350,68:9E:19:03:95:F1,-64,127,1.0,12.5,1.5
1758937874456,2025-09-27 10:51:14.456,68:9E:19:03:95:F1,-68,127,1.0,12.5,1.5
1758937874559,2025-09-27 10:51:14.559,68:9E:19:03:95:F1,-60,127,1.0,12.5,1.5
1758937874665,2025-09-27 10:51:14.665,68:9E:19:03:95:F1,-63,127,1.0,12.5,1.5
1758937874769,2025-09-27 10:51:14.769,68:9E:19:03:95:F1,-69,127,1.0,12.5,1.5
1758937874872,2025-09-27 10:51:14.872,68:9E:19:03:95:F1,-60,127,1.0,12.5,1.5
1758937874983,2025-09-27 10:51:14.983,68:9E:19:03:95:F1,-64,127,1.0,12.5,1.5
1758937875089,2025-09-27 10:51:15.089,68:9E:19:03:95:F1,-68,127,1.0,12.5,1.5
1758937875192,2025-09-27 10:51:15.192,68:9E:19:03:95:F1,-60,127,1.0,12.5,1.5
1758937875301,2025-09-27 10:51:15.301,68:9E:19:03:95:F1,-64,127,1.0,12.5,1.5
1758937875409,2025-09-27 10:51:15.409,68:9E:19:03:95:F1,-60,127,1.0,12.5,1.5
1758937875510,2025-09-27 10:51:15.510,68:9E:19:03:95:F1,-64,127,1.0,12.5,1.5
1758937875618,2025-09-27 10:51:15.618,68:9E:19:03:95:F1,-68,127,1.0,12.5,1.5
1758937875729,2025-09-27 10:51:15.729,68:9E:19:03:95:F1,-60,127,1.0,12.5,1.5
1758937875828,2025-09-27 10:51:15.828,68:9E:19:03:95:F1,-64,127,1.0,12.5,1.5
1758937875928,2025-09-27 10:51:15.928,68:9E:19:03:95:F1,-68,127,1.0,12.5,1.5
1758937876045,2025-09-27 10:51:16.045,68:9E:19:03:95:F1,-60,127,1.0,12.5,1.5
1758937876142,2025-09-27 10:51:16.142,68:9E:19:03:95:F1,-64,127,1.0,12.5,1.5
1758937876246,2025-09-27 10:51:16.246,68:9E:19:03:95:F1,-68,127,1.0,12.5,1.5
1758937876353,2025-09-27 10:51:16.353,68:9E:19:03:95:F1,-60,127,1.0,12.5,1.5
1758937876453,2025-09-27 10:51:16.453,68:9E:19:03:95:F1,-64,127,1.0,12.5,1.5
1758937876554,2025-09-27 10:51:16.554,68:9E:19:03:95:F1,-68,127,1.0,12.5,1.5
1758937876659,2025-09-27 10:51:16.659,68:9E:19:03:95:F1,-60,127,1.0,12.5,1.5
1758937876764,2025-09-27 10:51:16.764,68:9E:19:03:95:F1,-64,127,1.0,12.5,1.5
1758937876876,2025-09-27 10:51:16.876,68:9E:19:03:95:F1,-69,127,1.0,12.5,1.5
1758937876985,2025-09-27 10:51:16.985,68:9E:19:03:95:F1,-60,127,1.0,12.5,1.5
1758937877096,2025-09-27 10:51:17.096,68:9E:19:03:95:F1,-64,127,1.0,12.5,1.5
1758937877190,2025-09-27 10:51:17.190,68:9E:19:03:95:F1,-68,127,1.0,12.5,1.5
1758937877300,2025-09-27 10:51:17.300,68:9E:19:03:95:F1,-60,127,1.0,12.5,1.5
1758937877405,2025-09-27 10:51:17.405,68:9E:19:03:95:F1,-64,127,1.0,12.5,1.5
1758937877510,2025-09-27 10:51:17.510,68:9E:19:03:95:F1,-60,127,1.0,12.5,1.5
1758937877618,2025-09-27 10:51:17.618,68:9E:19:03:95:F1,-64,127,1.0,12.5,1.5
1758937877715,2025-09-27 10:51:17.715,68:9E:19:03:95:F1,-69,127,1.0,12.5,1.5
1758937877827,2025-09-27 10:51:17.827,68:9E:19:03:95:F1,-60,127,1.0,12.5,1.5
1758937877928,2025-09-27 10:51:17.928,68:9E:19:03:95:F1,-64,127,1.0,12.5,1.5
1758937878033,2025-09-27 10:51:18.033,68:9E:19:03:95:F1,-69,127,1.0,12.5,1.5
1758937878141,2025-09-27 10:51:18.141,68:9E:19:03:95:F1,-60,127,1.0,12.5,1.5
1758937878243,2025-09-27 10:51:18.243,68:9E:19:03:95:F1,-63,127,1.0,12.5,1.5
1758937878341,2025-09-27 10:51:18.341,68:9E:19:03:95:F1,-68,127,1.0,12.5,1.5
1758937878559,2025-09-27 10:51:18.559,68:9E:19:03:95:F1,-64,127,1.0,12.5,1.5
1758937878766,2025-09-27 10:51:18.766,68:9E:19:03:95:F1,-60,127,1.0,12.5,1.5
1758937878867,2025-09-27 10:51:18.867,68:9E:19:03:95:F1,-64,127,1.0,12.5,1.5
1758937878966,2025-09-27 10:51:18.966,68:9E:19:03:95:F1,-69,127,1.0,12.5,1.5
1758937879067,2025-09-27 10:51:19.067,68:9E:19:03:95:F1,-60,127,1.0,12.5,1.5
1758937879178,2025-09-27 10:51:19.178,68:9E:19:03:95:F1,-64,127,1.0,12.5,1.5
1758937879278,2025-09-27 10:51:19.278,68:9E:19:03:95:F1,-69,127,1.0,12.5,1.5
1758937879386,2025-09-27 10:51:19.386,68:9E:19:03:95:F1,-60,127,1.0,12.5,1.5
1758937879487,2025-09-27 10:51:19.487,68:9E:19:03:95:F1,-64,127,1.0,12.5,1.5
1758937879591,2025-09-27 10:51:19.591,68:9E:19:03:95:F1,-68,127,1.0,12.5,1.5
1758937879697,2025-09-27 10:51:19.697,68:9E:19:03:95:F1,-60,127,1.0,12.5,1.5
1758937879804,2025-09-27 10:51:19.804,68:9E:19:03:95:F1,-64,127,1.0,12.5,1.5
1758937879910,2025-09-27 10:51:19.910,68:9E:19:03:95:F1,-60,127,1.0,12.5,1.5
1758937880018,2025-09-27 10:51:20.018,68:9E:19:03:95:F1,-63,127,1.0,12.5,1.5
1758937880123,2025-09-27 10:51:20.123,68:9E:19:03:95:F1,-69,127,1.0,12.5,1.5
1758937880228,2025-09-27 10:51:20.228,68:9E:19:03:95:F1,-60,127,1.0,12.5,1.5
1758937880329,2025-09-27 10:51:20.329,68:9E:19:03:95:F1,-64,127,1.0,12.5,1.5
1758937880434,2025-09-27 10:51:20.434,68:9E:19:03:95:F1,-69,127,1.0,12.5,1.5
1758937880538,2025-09-27 10:51:20.538,68:9E:19:03:95:F1,-60,127,1.0,12.5,1.5
1758937880643,2025-09-27 10:51:20.643,68:9E:19:03:95:F1,-63,127,1.0,12.5,1.5
1758937880754,2025-09-27 10:51:20.754,68:9E:19:03:95:F1,-69,127,1.0,12.5,1.5
1758937880865,2025-09-27 10:51:20.865,68:9E:19:03:95:F1,-60,127,1.0,12.5,1.5
1758937880982,2025-09-27 10:51:20.982,68:9E:19:03:95:F1,-64,127,1.0,12.5,1.5
1758937881074,2025-09-27 10:51:21.074,68:9E:19:03:95:F1,-69,127,1.0,12.5,1.5
1758937881175,2025-09-27 10:51:21.175,68:9E:19:03:95:F1,-60,127,1.0,12.5,1.5
1758937881276,2025-09-27 10:51:21.276,68:9E:19:03:95:F1,-63,127,1.0,12.5,1.5
1758937881383,2025-09-27 10:51:21.383,68:9E:19:03:95:F1,-69,127,1.0,12.5,1.5
1758937881487,2025-09-27 10:51:21.487,68:9E:19:03:95:F1,-60,127,1.0,12.5,1.5
1758937881589,2025-09-27 10:51:21.589,68:9E:19:03:95:F1,-64,127,1.0,12.5,1.5
1758937881693,2025-09-27 10:51:21.693,68:9E:19:03:95:F1,-69,127,1.0,12.5,1.5
1758937881801,2025-09-27 10:51:21.801,68:9E:19:03:95:F1,-60,127,1.0,12.5,1.5
1758937881907,2025-09-27 10:51:21.907,68:9E:19:03:95:F1,-68,127,1.0,12.5,1.5
1758937882015,2025-09-27 10:51:22.015,68:9E:19:03:95:F1,-60,127,1.0,12.5,1.5
1758937882120,2025-09-27 10:51:22.120,68:9E:19:03:95:F1,-63,127,1.0,12.5,1.5
1758937882223,2025-09-27 10:51:22.223,68:9E:19:03:95:F1,-69,127,1.0,12.5,1.5
1758937882329,2025-09-27 10:51:22.329,68:9E:19:03:95:F1,-60,127,1.0,12.5,1.5
1758937882433,2025-09-27 10:51:22.433,68:9E:19:03:95:F1,-64,127,1.0,12.5,1.5
1758937882542,2025-09-27 10:51:22.542,68:9E:19:03:95:F1,-69,127,1.0,12.5,1.5
1758937882653,2025-09-27 10:51:22.653,68:9E:19:03:95:F1,-60,127,1.0,12.5,1.5
1758937882856,2025-09-27 10:51:22.856,68:9E:19:03:95:F1,-69,127,1.0,12.5,1.5
1758937882967,2025-09-27 10:51:22.967,68:9E:19:03:95:F1,-60,127,1.0,12.5,1.5
1758937883173,2025-09-27 10:51:23.173,68:9E:19:03:95:F1,-68,127,1.0,12.5,1.5
1758937883278,2025-09-27 10:51:23.278,68:9E:19:03:95:F1,-60,127,1.0,12.5,1.5
1758937883379,2025-09-27 10:51:23.379,68:9E:19:03:95:F1,-64,127,1.0,12.5,1.5
1758937883491,2025-09-27 10:51:23.491,68:9E:19:03:95:F1,-69,127,1.0,12.5,1.5
1758937883602,2025-09-27 10:51:23.602,68:9E:19:03:95:F1,-60,127,1.0,12.5,1.5
1758937883696,2025-09-27 10:51:23.696,68:9E:19:03:95:F1,-64,127,1.0,12.5,1.5
1758937883805,2025-09-27 10:51:23.805,68:9E:19:03:95:F1,-69,127,1.0,12.5,1.5
1758937884019,2025-09-27 10:51:24.019,68:9E:19:03:95:F1,-68,127,1.0,12.5,1.5
1758937884125,2025-09-27 10:51:24.125,68:9E:19:03:95:F1,-60,127,1.0,12.5,1.5
1758937884223,2025-09-27 10:51:24.223,68:9E:19:03:95:F1,-64,127,1.0,12.5,1.5
1758937884323,2025-09-27 10:51:24.323,68:9E:19:03:95:F1,-68,127,1.0,12.5,1.5
1758937884428,2025-09-27 10:51:24.428,68:9E:19:03:95:F1,-60,127,1.0,12.5,1.5
1758937884536,2025-09-27 10:51:24.536,68:9E:19:03:95:F1,-64,127,1.0,12.5,1.5
1758937884637,2025-09-27 10:51:24.637,68:9E:19:03:95:F1,-69,127,1.0,12.5,1.5
1758937884746,2025-09-27 10:51:24.746,68:9E:19:03:95:F1,-60,127,1.0,12.5,1.5
1758937884964,2025-09-27 10:51:24.964,68:9E:19:03:95:F1,-69,127,1.0,12.5,1.5
1758937885065,2025-09-27 10:51:25.065,68:9E:19:03:95:F1,-60,127,1.0,12.5,1.5
1758937885174,2025-09-27 10:51:25.174,68:9E:19:03:95:F1,-64,127,1.0,12.5,1.5
1758937885278,2025-09-27 10:51:25.278,68:9E:19:03:95:F1,-68,127,1.0,12.5,1.5
1758937885388,2025-09-27 10:51:25.388,68:9E:19:03:95:F1,-60,127,1.0,12.5,1.5
1758937885603,2025-09-27 10:51:25.603,68:9E:19:03:95:F1,-69,127,1.0,12.5,1.5
1758937885709,2025-09-27 10:51:25.709,68:9E:19:03:95:F1,-64,127,1.0,12.5,1.5
1758937885811,2025-09-27 10:51:25.811,68:9E:19:03:95:F1,-68,127,1.0,12.5,1.5
1758937885920,2025-09-27 10:51:25.920,68:9E:19:03:95:F1,-60,127,1.0,12.5,1.5
1758937886015,2025-09-27 10:51:26.015,68:9E:19:03:95:F1,-64,127,1.0,12.5,1.5
1758937886123,2025-09-27 10:51:26.123,68:9E:19:03:95:F1,-68,127,1.0,12.5,1.5
1758937886230,2025-09-27 10:51:26.230,68:9E:19:03:95:F1,-60,127,1.0,12.5,1.5
1758937886334,2025-09-27 10:51:26.334,68:9E:19:03:95:F1,-64,127,1.0,12.5,1.5
1758937886431,2025-09-27 10:51:26.431,68:9E:19:03:95:F1,-68,127,1.0,12.5,1.5
1758937886543,2025-09-27 10:51:26.543,68:9E:19:03:95:F1,-60,127,1.0,12.5,1.5
1758937886637,2025-09-27 10:51:26.637,68:9E:19:03:95:F1,-64,127,1.0,12.5,1.5
1758937886743,2025-09-27 10:51:26.743,68:9E:19:03:95:F1,-68,127,1.0,12.5,1.5
1758937886859,2025-09-27 10:51:26.859,68:9E:19:03:95:F1,-60,127,1.0,12.5,1.5
1758937886954,2025-09-27 10:51:26.954,68:9E:19:03:95:F1,-64,127,1.0,12.5,1.5
1758937887259,2025-09-27 10:51:27.259,68:9E:19:03:95:F1,-64,127,1.0,12.5,1.5
1758937887372,2025-09-27 10:51:27.372,68:9E:19:03:95:F1,-69,127,1.0,12.5,1.5
1758937887482,2025-09-27 10:51:27.482,68:9E:19:03:95:F1,-60,127,1.0,12.5,1.5
1758937887597,2025-09-27 10:51:27.597,68:9E:19:03:95:F1,-64,127,1.0,12.5,1.5
1758937887692,2025-09-27 10:51:27.692,68:9E:19:03:95:F1,-68,127,1.0,12.5,1.5
1758937887787,2025-09-27 10:51:27.787,68:9E:19:03:95:F1,-60,127,1.0,12.5,1.5
1758937887892,2025-09-27 10:51:27.892,68:9E:19:03:95:F1,-64,127,1.0,12.5,1.5
1758937888005,2025-09-27 10:51:28.005,68:9E:19:03:95:F1,-69,127,1.0,12.5,1.5
1758937888109,2025-09-27 10:51:28.109,68:9E:19:03:95:F1,-64,127,1.0,12.5,1.5
1758937888213,2025-09-27 10:51:28.213,68:9E:19:03:95:F1,-68,127,1.0,12.5,1.5
1758937888323,2025-09-27 10:51:28.323,68:9E:19:03:95:F1,-60,127,1.0,12.5,1.5
1758937888427,2025-09-27 10:51:28.427,68:9E:19:03:95:F1,-63,127,1.0,12.5,1.5
1758937888644,2025-09-27 10:51:28.644,68:9E:19:03:95:F1,-60,127,1.0,12.5,1.5
1758937888742,2025-09-27 10:51:28.742,68:9E:19:03:95:F1,-64,127,1.0,12.5,1.5
1758937888850,2025-09-27 10:51:28.850,68:9E:19:03:95:F1,-69,127,1.0,12.5,1.5
1758937888952,2025-09-27 10:51:28.952,68:9E:19:03:95:F1,-60,127,1.0,12.5,1.5
1758937889057,2025-09-27 10:51:29.057,68:9E:19:03:95:F1,-64,127,1.0,12.5,1.5
1758937889169,2025-09-27 10:51:29.169,68:9E:19:03:95:F1,-68,127,1.0,12.5,1.5
1758937889280,2025-09-27 10:51:29.280,68:9E:19:03:95:F1,-60,127,1.0,12.5,1.5
1758937889381,2025-09-27 10:51:29.381,68:9E:19:03:95:F1,-64,127,1.0,12.5,1.5
1758937889486,2025-09-27 10:51:29.486,68:9E:19:03:95:F1,-68,127,1.0,12.5,1.5
1758937889585,2025-09-27 10:51:29.585,68:9E:19:03:95:F1,-60,127,1.0,12.5,1.5
1758937889701,2025-09-27 10:51:29.701,68:9E:19:03:95:F1,-64,127,1.0,12.5,1.5
1758937889800,2025-09-27 10:51:29.800,68:9E:19:03:95:F1,-69,127,1.0,12.5,1.5
1758937890007,2025-09-27 10:51:30.007,68:9E:19:03:95:F1,-69,127,1.0,12.5,1.5
1758937890219,2025-09-27 10:51:30.219,68:9E:19:03:95:F1,-64,127,1.0,12.5,1.5
1758937890322,2025-09-27 10:51:30.322,68:9E:19:03:95:F1,-68,127,1.0,12.5,1.5
1758937890434,2025-09-27 10:51:30.434,68:9E:19:03:95:F1,-60,127,1.0,12.5,1.5
1758937890533,2025-09-27 10:51:30.533,68:9E:19:03:95:F1,-64,127,1.0,12.5,1.5
1758937890636,2025-09-27 10:51:30.636,68:9E:19:03:95:F1,-69,127,1.0,12.5,1.5
1758937890842,2025-09-27 10:51:30.842,68:9E:19:03:95:F1,-64,127,1.0,12.5,1.5
1758937890944,2025-09-27 10:51:30.944,68:9E:19:03:95:F1,-68,127,1.0,12.5,1.5
1758937891046,2025-09-27 10:51:31.046,68:9E:19:03:95:F1,-60,127,1.0,12.5,1.5
1758937891153,2025-09-27 10:51:31.153,68:9E:19:03:95:F1,-64,127,1.0,12.5,1.5
1758937891256,2025-09-27 10:51:31.256,68:9E:19:03:95:F1,-68,127,1.0,12.5,1.5
1758937891370,2025-09-27 10:51:31.370,68:9E:19:03:95:F1,-60,127,1.0,12.5,1.5
1758937891473,2025-09-27 10:51:31.473,68:9E:19:03:95:F1,-64,127,1.0,12.5,1.5
1758937891572,2025-09-27 10:51:31.572,68:9E:19:03:95:F1,-69,127,1.0,12.5,1.5
1758937891681,2025-09-27 10:51:31.681,68:9E:19:03:95:F1,-60,127,1.0,12.5,1.5
1758937891779,2025-09-27 10:51:31.779,68:9E:19:03:95:F1,-64,127,1.0,12.5,1.5
1758937891991,2025-09-27 10:51:31.991,68:9E:19:03:95:F1,-60,127,1.0,12.5,1.5
1758937892087,2025-09-27 10:51:32.087,68:9E:19:03:95:F1,-64,127,1.0,12.5,1.5
1758937892196,2025-09-27 10:51:32.196,68:9E:19:03:95:F1,-69,127,1.0,12.5,1.5
1758937892407,2025-09-27 10:51:32.407,68:9E:19:03:95:F1,-68,127,1.0,12.5,1.5
1758937892517,2025-09-27 10:51:32.517,68:9E:19:03:95:F1,-60,127,1.0,12.5,1.5
1758937892621,2025-09-27 10:51:32.621,68:9E:19:03:95:F1,-64,127,1.0,12.5,1.5
1758937892722,2025-09-27 10:51:32.722,68:9E:19:03:95:F1,-69,127,1.0,12.5,1.5
1758937892825,2025-09-27 10:51:32.825,68:9E:19:03:95:F1,-60,127,1.0,12.5,1.5
1758937892918,2025-09-27 10:51:32.918,68:9E:19:03:95:F1,-64,127,1.0,12.5,1.5
1758937893025,2025-09-27 10:51:33.025,68:9E:19:03:95:F1,-68,127,1.0,12.5,1.5
1758937893132,2025-09-27 10:51:33.132,68:9E:19:03:95:F1,-60,127,1.0,12.5,1.5
1758937893240,2025-09-27 10:51:33.240,68:9E:19:03:95:F1,-64,127,1.0,12.5,1.5
1758937893340,2025-09-27 10:51:33.340,68:9E:19:03:95:F1,-68,127,1.0,12.5,1.5
1758937893448,2025-09-27 10:51:33.448,68:9E:19:03:95:F1,-60,127,1.0,12.5,1.5
1758937893558,2025-09-27 10:51:33.558,68:9E:19:03:95:F1,-64,127,1.0,12.5,1.5
1758937893769,2025-09-27 10:51:33.769,68:9E:19:03:95:F1,-60,127,1.0,12.5,1.5
1758937893873,2025-09-27 10:51:33.873,68:9E:19:03:95:F1,-64,127,1.0,12.5,1.5
1758937893975,2025-09-27 10:51:33.975,68:9E:19:03:95:F1,-69,127,1.0,12.5,1.5
1758937894086,2025-09-27 10:51:34.086,68:9E:19:03:95:F1,-60,127,1.0,12.5,1.5
1758937894186,2025-09-27 10:51:34.186,68:9E:19:03:95:F1,-64,127,1.0,12.5,1.5
1758937894294,2025-09-27 10:51:34.294,68:9E:19:03:95:F1,-69,127,1.0,12.5,1.5
1758937894392,2025-09-27 10:51:34.392,68:9E:19:03:95:F1,-60,127,1.0,12.5,1.5
1758937894596,2025-09-27 10:51:34.596,68:9E:19:03:95:F1,-68,127,1.0,12.5,1.5
1758937894705,2025-09-27 10:51:34.705,68:9E:19:03:95:F1,-60,127,1.0,12.5,1.5
1758937894908,2025-09-27 10:51:34.908,68:9E:19:03:95:F1,-60,127,1.0,12.5,1.5
1758937895008,2025-09-27 10:51:35.008,68:9E:19:03:95:F1,-64,127,1.0,12.5,1.5
1758937895114,2025-09-27 10:51:35.114,68:9E:19:03:95:F1,-68,127,1.0,12.5,1.5
1758937895221,2025-09-27 10:51:35.221,68:9E:19:03:95:F1,-60,127,1.0,12.5,1.5
1758937895321,2025-09-27 10:51:35.321,68:9E:19:03:95:F1,-64,127,1.0,12.5,1.5
1758937895427,2025-09-27 10:51:35.427,68:9E:19:03:95:F1,-69,127,1.0,12.5,1.5
1758937895543,2025-09-27 10:51:35.543,68:9E:19:03:95:F1,-60,127,1.0,12.5,1.5
1758937895638,2025-09-27 10:51:35.638,68:9E:19:03:95:F1,-64,127,1.0,12.5,1.5
1758937895747,2025-09-27 10:51:35.747,68:9E:19:03:95:F1,-68,127,1.0,12.5,1.5
1758937895854,2025-09-27 10:51:35.854,68:9E:19:03:95:F1,-60,127,1.0,12.5,1.5
1758937895959,2025-09-27 10:51:35.959,68:9E:19:03:95:F1,-64,127,1.0,12.5,1.5
1758937896065,2025-09-27 10:51:36.065,68:9E:19:03:95:F1,-68,127,1.0,12.5,1.5
1758937896163,2025-09-27 10:51:36.163,68:9E:19:03:95:F1,-60,127,1.0,12.5,1.5
1758937896378,2025-09-27 10:51:36.378,68:9E:19:03:95:F1,-69,127,1.0,12.5,1.5
1758937896479,2025-09-27 10:51:36.479,68:9E:19:03:95:F1,-60,127,1.0,12.5,1.5
1758937896691,2025-09-27 10:51:36.691,68:9E:19:03:95:F1,-69,127,1.0,12.5,1.5
1758937896798,2025-09-27 10:51:36.798,68:9E:19:03:95:F1,-60,127,1.0,12.5,1.5
1758937896906,2025-09-27 10:51:36.906,68:9E:19:03:95:F1,-69,127,1.0,12.5,1.5
1758937897118,2025-09-27 10:51:37.118,68:9E:19:03:95:F1,-64,127,1.0,12.5,1.5
1758937897224,2025-09-27 10:51:37.224,68:9E:19:03:95:F1,-69,127,1.0,12.5,1.5
1758937897325,2025-09-27 10:51:37.325,68:9E:19:03:95:F1,-60,127,1.0,12.5,1.5
1758937897426,2025-09-27 10:51:37.426,68:9E:19:03:95:F1,-64,127,1.0,12.5,1.5
1758937897533,2025-09-27 10:51:37.533,68:9E:19:03:95:F1,-69,127,1.0,12.5,1.5
1758937897636,2025-09-27 10:51:37.636,68:9E:19:03:95:F1,-60,127,1.0,12.5,1.5
1758937897736,2025-09-27 10:51:37.736,68:9E:19:03:95:F1,-64,127,1.0,12.5,1.5
1758937897842,2025-09-27 10:51:37.842,68:9E:19:03:95:F1,-68,127,1.0,12.5,1.5
1758937897949,2025-09-27 10:51:37.949,68:9E:19:03:95:F1,-60,127,1.0,12.5,1.5
1758937898049,2025-09-27 10:51:38.049,68:9E:19:03:95:F1,-64,127,1.0,12.5,1.5
1758937898159,2025-09-27 10:51:38.159,68:9E:19:03:95:F1,-68,127,1.0,12.5,1.5
1758937898270,2025-09-27 10:51:38.270,68:9E:19:03:95:F1,-60,127,1.0,12.5,1.5
1758937898369,2025-09-27 10:51:38.369,68:9E:19:03:95:F1,-64,127,1.0,12.5,1.5
1758937898473,2025-09-27 10:51:38.473,68:9E:19:03:95:F1,-68,127,1.0,12.5,1.5
1758937898573,2025-09-27 10:51:38.573,68:9E:19:03:95:F1,-60,127,1.0,12.5,1.5
1758937898784,2025-09-27 10:51:38.784,68:9E:19:03:95:F1,-69,127,1.0,12.5,1.5
1758937898888,2025-09-27 10:51:38.888,68:9E:19:03:95:F1,-60,127,1.0,12.5,1.5
1758937898994,2025-09-27 10:51:38.994,68:9E:19:03:95:F1,-64,127,1.0,12.5,1.5
1758937899204,2025-09-27 10:51:39.204,68:9E:19:03:95:F1,-64,127,1.0,12.5,1.5
1758937899310,2025-09-27 10:51:39.310,68:9E:19:03:95:F1,-69,127,1.0,12.5,1.5
1758937899417,2025-09-27 10:51:39.417,68:9E:19:03:95:F1,-60,127,1.0,12.5,1.5
1758937899520,2025-09-27 10:51:39.520,68:9E:19:03:95:F1,-63,127,1.0,12.5,1.5
1758937899633,2025-09-27 10:51:39.633,68:9E:19:03:95:F1,-68,127,1.0,12.5,1.5
1758937899737,2025-09-27 10:51:39.737,68:9E:19:03:95:F1,-60,127,1.0,12.5,1.5
1758937899837,2025-09-27 10:51:39.837,68:9E:19:03:95:F1,-64,127,1.0,12.5,1.5
1758937899942,2025-09-27 10:51:39.942,68:9E:19:03:95:F1,-68,127,1.0,12.5,1.5
1758937900051,2025-09-27 10:51:40.051,68:9E:19:03:95:F1,-60,127,1.0,12.5,1.5
1758937900153,2025-09-27 10:51:40.153,68:9E:19:03:95:F1,-64,127,1.0,12.5,1.5
1758937900261,2025-09-27 10:51:40.261,68:9E:19:03:95:F1,-68,127,1.0,12.5,1.5
1758937900365,2025-09-27 10:51:40.365,68:9E:19:03:95:F1,-60,127,1.0,12.5,1.5
